id,season_type,home_line_margin,over_under,two_way_winner,over_under_result,away_away_strk,home_home_strk,away_total_strk,home_total_strk
280102005,2,,,home,,-1,1,-1,-1
280102011,2,,,away,,-2,-1,-5,-4
280102016,2,,,away,,-1,1,-1,-5
280102019,2,,,away,,2,2,2,4
280102026,2,,,home,,1,1,1,1
280102027,2,,,away,,3,1,9,1
280102030,2,,,away,,1,1,-1,1
280102002,2,,,home,,1,2,-1,6
280102006,2,,,home,,3,1,2,1
280102012,2,,,away,,3,1,-1,1
280102014,2,,,away,,-9,-1,-4,-4
280102018,2,,,away,,2,-2,-4,-4
280103004,2,,,away,,1,-1,1,1
280103007,2,,,home,,-3,-1,1,-1
280103021,2,,,home,,-2,3,-1,3
280104011,2,,,home,,-2,-2,-2,-5
280104016,2,,,away,,2,-1,1,-6
280104019,2,,,away,,-1,-1,-2,-1
280104028,2,,,away,,4,-1,10,1
280104002,2,,,home,,1,3,1,7
280104005,2,,,home,,3,2,1,1
280104009,2,,,away,,4,-1,1,-1
280104013,2,,,home,,-1,-1,-1,-1
280104015,2,,,away,,-1,-1,-1,1
280104017,2,,,home,,-10,1,-1,3
280104024,2,,,home,,-4,1,-5,-1
280104006,2,,,home,,-4,2,-5,2
280105001,2,,,away,,3,4,4,-3
280105021,2,,,away,,5,4,2,4
280105022,2,,,home,,-2,10,2,2
280105004,2,,,home,,-1,-2,-1,-1
280105008,2,,,away,,8,7,8,11
280105010,2,,,home,,-5,-1,-6,1
280106012,2,,,away,,-4,-1,1,-1
280106027,2,,,home,,-3,-1,-2,1
280106028,2,,,away,,-1,-2,2,-1
280106016,2,,,away,,-1,-2,3,-7
280106029,2,,,home,,-5,-3,-6,-1
280106007,2,,,home,,-2,1,-2,2
280106030,2,,,away,,1,-1,-1,-2
280106013,2,,,home,,-4,1,1,1
280107021,2,,,home,,3,-1,3,-1
280107009,2,,,home,,1,-2,2,-2
280108005,2,,,home,,-4,3,-3,3
280108016,2,,,home,,-6,-3,-7,-8
280108020,2,,,away,,2,1,1,-3
280108023,2,,,home,,2,-4,-2,-2
280108026,2,,,home,,-5,2,-1,-1
280108027,2,,,away,,1,1,2,2
280108029,2,,,away,,2,1,2,1
280108030,2,,,home,,4,-2,5,-3
280108004,2,,,away,,-6,1,-7,1
280109001,2,,,home,,1,-1,4,-4
280109003,2,,,away,,3,-1,3,3
280109015,2,,,home,,-7,-2,-8,2
280109021,2,,,home,,-6,1,-2,1
280109022,2,,,home,,-1,11,1,3
280109028,2,,,home,,-3,-3,-4,-2
280109002,2,,,away,,-11,4,1,9
280109012,2,,,away,,-1,-2,-3,-2
280109017,2,,,home,,-5,2,-4,-1
280109018,2,,,away,,2,-3,3,1
280109006,2,,,home,,5,3,-1,4
280110023,2,,,home,,-1,1,-1,1
280110024,2,,,away,,-1,2,-2,-1
280110026,2,,,home,,2,3,2,1
280111003,2,,,home,,-8,-2,-9,-1
280111007,2,,,home,,1,2,1,-1
280111020,2,,,away,,2,-1,-1,-5
280111001,2,,,away,,1,1,-1,1
280111005,2,,,home,,1,4,2,-1
280111009,2,,,home,,-2,1,-2,-1
280111010,2,,,home,,-12,1,1,4
280111013,2,,,home,,3,2,3,4
280111017,2,,,away,,9,3,-1,1
280111018,2,,,away,,1,-4,1,-1
280111025,2,,,away,,1,-1,5,-5
280112021,2,,,home,,-1,2,-1,-1
280112023,2,,,away,,-7,2,-3,2
280112026,2,,,home,,-1,4,-1,2
280112030,2,,,away,,1,1,1,-1
280112012,2,,,away,,2,-3,6,-3
280112024,2,,,home,,-13,-1,-1,-2
280112027,2,,,home,,10,-1,1,1
280113028,2,,,home,,2,1,4,2
280113010,2,,,away,,6,2,1,5
280113001,2,,,home,,3,-1,1,-1
280113009,2,,,home,,1,2,1,1
280113013,2,,,home,,-3,3,-3,5
280113018,2,,,home,,2,-5,2,-2
280114023,2,,,home,,3,-1,7,-1
280114025,2,,,away,,4,-2,6,-6
280114026,2,,,home,,-2,5,-2,3
280114030,2,,,home,,-1,-1,1,-2
280114002,2,,,away,,2,-1,2,-1
280114017,2,,,away,,-1,-1,-1,-1
280114024,2,,,home,,-4,1,-6,1
280115001,2,,,home,,-2,1,-1,1
280115016,2,,,away,,-2,1,2,-2
280115019,2,,,home,,-1,-2,-1,-2
280115029,2,,,away,,-1,-1,1,-4
280115008,2,,,home,,2,-1,3,-1
280115010,2,,,away,,-5,-1,-7,-1
280115012,2,,,home,,-1,-4,1,-4
280115018,2,,,home,,3,1,3,1
280116003,2,,,home,,-6,1,-7,2
280116011,2,,,home,,1,1,3,-1
280116014,2,,,away,,-2,-2,-2,-10
280116015,2,,,home,,-3,1,2,-3
280116028,2,,,home,,-2,2,1,-1
280116030,2,,,home,,-2,1,1,1
280116002,2,,,home,,1,-2,1,-2
280116017,2,,,away,,1,-2,2,-2
280117007,2,,,home,,-3,3,4,-2
280117024,2,,,away,,1,2,2,2
280117013,2,,,away,,-2,4,-1,7
280118003,2,,,home,,-1,2,2,3
280118014,2,,,away,,-1,-3,-1,-11
280118021,2,,,home,,-14,3,-3,1
280118026,2,,,home,,-4,6,1,-1
280118027,2,,,home,,2,1,3,-1
280118028,2,,,home,,-4,3,-1,1
280118029,2,,,home,,-7,-2,-8,-5
280118002,2,,,home,,1,1,1,1
280118008,2,,,away,,-3,1,-1,1
280118004,2,,,away,,-1,-1,-1,1
280119007,2,,,home,,-15,4,-4,1
280119011,2,,,away,,1,2,1,1
280119019,2,,,home,,1,1,1,-1
280119020,2,,,home,,-1,-2,2,-1
280119030,2,,,home,,-4,2,1,-1
280119004,2,,,home,,-1,-2,-1,-1
280119010,2,,,home,,-1,-2,-1,-2
280119012,2,,,home,,-1,1,-3,-1
280119014,2,,,away,,-1,-4,-1,-12
280119015,2,,,away,,1,2,1,1
280119006,2,,,home,,-8,4,-9,-1
280120021,2,,,home,,-2,4,-4,2
280121012,2,,,away,,-4,2,1,1
280121009,2,,,away,,-16,3,-5,2
280121018,2,,,away,,-1,2,2,1
280121027,2,,,home,,-1,2,1,1
280121030,2,,,away,,-2,3,-2,1
280121010,2,,,home,,-9,1,-10,1
280121001,2,,,away,,-1,2,-1,-2
280121020,2,,,away,,-1,1,-1,1
280121003,2,,,home,,-3,3,-1,4
280121029,2,,,home,,1,1,1,-1
280121019,2,,,home,,-2,2,-2,1
280121013,2,,,home,,-3,-1,2,-1
280121014,2,,,away,,2,-5,3,-13
280122015,2,,,away,,1,-1,3,-2
280122023,2,,,home,,-3,1,-5,2
280123003,2,,,home,,1,4,1,5
280123005,2,,,home,,-1,5,2,4
280123007,2,,,home,,-5,5,-3,-1
280123016,2,,,home,,2,-1,4,1
280123020,2,,,away,,-3,-1,-3,-1
280123025,2,,,away,,3,-3,2,-11
280123029,2,,,away,,-3,2,2,1
280123030,2,,,away,,-2,-1,-1,-1
280123002,2,,,away,,-2,2,-1,3
280123004,2,,,home,,1,1,1,-1
280123012,2,,,home,,2,-1,3,-1
280123024,2,,,home,,5,-1,1,1
280124015,2,,,home,,-1,-2,-1,-3
280124009,2,,,home,,-4,-1,-6,-1
280124014,2,,,away,,1,-6,2,-14
280125003,2,,,home,,-5,5,1,6
280125005,2,,,away,,-1,6,-1,5
280125007,2,,,home,,-5,6,-7,1
280125008,2,,,home,,1,-1,3,1
280125022,2,,,away,,4,12,3,-1
280125026,2,,,home,,-1,7,-1,2
280125027,2,,,home,,-5,3,-1,-1
280125028,2,,,home,,-4,4,1,1
280125002,2,,,home,,1,-1,2,-1
280125004,2,,,away,,-2,2,-2,1
280125006,2,,,home,,-1,5,-1,1
280125018,2,,,home,,-1,-1,-2,-1
280125025,2,,,away,,-6,-4,-4,-12
280126014,2,,,home,,-2,-7,-2,-15
280126029,2,,,home,,-6,-1,-1,-2
280126030,2,,,away,,-2,-2,-3,1
280126024,2,,,away,,7,1,7,3
280127004,2,,,away,,1,-1,1,-1
280127013,2,,,away,,3,1,-1,-2
280127019,2,,,home,,1,3,1,-1
280127022,2,,,home,,1,-1,1,-2
280127015,2,,,home,,-2,1,1,-1
280127006,2,,,home,,-4,6,2,2
280127016,2,,,home,,-6,1,-8,-1
280127009,2,,,home,,1,1,1,1
280127010,2,,,away,,1,2,3,4
280127025,2,,,away,,-2,-5,-2,-13
280128003,2,,,home,,-5,6,-1,8
280128026,2,,,home,,2,8,-1,4
280128029,2,,,away,,1,1,3,1
280128012,2,,,away,,1,1,-1,-2
280129011,2,,,away,,1,-1,2,-3
280129021,2,,,home,,-1,5,-1,2
280129025,2,,,home,,-1,-6,-2,-14
280129027,2,,,home,,1,4,2,-1
280129004,2,,,home,,-1,-2,1,-2
280129010,2,,,home,,2,-1,2,-1
280129013,2,,,home,,-1,-1,-1,-3
280129014,2,,,away,,-1,1,-1,1
280129017,2,,,home,,-5,-3,1,-9
280130022,2,,,away,,4,1,1,1
280130003,2,,,away,,-1,7,-1,9
280130016,2,,,home,,-1,2,1,-1
280130019,2,,,home,,-9,4,-1,1
280130020,2,,,home,,-6,-2,-1,1
280130023,2,,,home,,2,2,1,1
280130026,2,,,home,,-2,9,-2,5
280130028,2,,,home,,-3,5,1,-1
280130029,2,,,away,,-6,-1,-2,-1
280130012,2,,,home,,-2,-1,-2,-3
280131025,2,,,home,,5,1,2,1
280131008,2,,,home,,-2,1,1,3
280131002,2,,,home,,2,1,4,1
280131021,2,,,away,,-2,6,-3,3
280201011,2,,,away,,5,-2,1,-4
280201016,2,,,home,,-7,3,1,1
280201020,2,,,away,,-1,1,2,2
280201023,2,,,home,,8,3,-1,2
280201028,2,,,away,,-3,6,-1,1
280201009,2,,,home,,-1,2,-1,1
280201022,2,,,home,,-3,-1,-3,-1
280201014,2,,,away,,-7,-1,1,-2
280201027,2,,,away,,2,5,6,-1
280202001,2,,,home,,1,-1,2,-3
280202007,2,,,home,,-2,7,-2,1
280202011,2,,,away,,1,-3,3,-5
280202023,2,,,home,,-2,4,-1,3
280202025,2,,,home,,-4,2,-4,2
280202029,2,,,away,,3,-2,7,-2
280202005,2,,,home,,-8,-1,-1,-1
280202015,2,,,away,,6,2,2,-2
280203027,2,,,away,,1,-1,1,-2
280203008,2,,,home,,-1,2,-1,4
280204001,2,,,home,,1,1,-1,1
280204016,2,,,away,,7,4,3,2
280204019,2,,,away,,-2,5,-2,4
280204021,2,,,home,,-3,-1,-3,-1
280204022,2,,,away,,1,1,2,1
280204025,2,,,away,,-3,3,-2,3
280204026,2,,,home,,-1,10,-2,8
280204014,2,,,away,,-1,-2,-1,-3
280204018,2,,,away,,-9,1,-2,-5
280205005,2,,,home,,1,1,2,1
280205011,2,,,away,,1,-4,1,-6
280205020,2,,,home,,-4,-1,-3,-2
280205029,2,,,away,,-7,-3,-3,-3
280205017,2,,,away,,2,1,2,-1
280206001,2,,,home,,3,2,3,2
280206007,2,,,away,,4,8,9,3
280206019,2,,,home,,-1,-1,-2,-1
280206021,2,,,away,,-2,1,-3,1
280206022,2,,,home,,1,-1,1,-1
280206023,2,,,away,,-10,5,-1,4
280206027,2,,,away,,2,-2,2,-4
280206002,2,,,home,,1,2,1,-1
280206006,2,,,home,,1,7,1,1
280206008,2,,,home,,-10,3,-4,5
280206018,2,,,away,,-3,-1,-7,-6
280207010,2,,,home,,-1,1,2,4
280207020,2,,,home,,-11,1,-5,1
280207009,2,,,away,,-1,3,-1,2
280208016,2,,,away,,-1,-1,1,-1
280208019,2,,,away,,-1,1,-1,1
280208021,2,,,home,,1,-1,1,-1
280208023,2,,,home,,5,-1,10,-1
280208028,2,,,away,,-1,-1,-1,1
280208030,2,,,away,,-2,-3,-3,-4
280208001,2,,,away,,-2,3,-1,3
280208006,2,,,home,,-6,8,-4,2
280208018,2,,,away,,3,-2,3,-7
280208008,2,,,home,,-1,4,1,6
280208007,2,,,home,,-5,-1,-5,-1
280209003,2,,,home,,-7,-1,-5,1
280209011,2,,,home,,-2,-5,-1,1
280209026,2,,,home,,1,11,1,-1
280209009,2,,,home,,1,-1,1,-1
280209010,2,,,home,,-3,2,-1,5
280209015,2,,,away,,-5,-1,-8,-1
280209020,2,,,home,,1,2,1,2
280210002,2,,,home,,4,3,4,2
280210014,2,,,away,,1,-3,1,-6
280210016,2,,,away,,1,-2,-1,-2
280210008,2,,,home,,-4,5,-5,7
280210017,2,,,home,,1,-1,3,1
280210005,2,,,away,,2,2,1,1
280210021,2,,,home,,-6,1,-6,1
280211015,2,,,away,,-1,-2,-1,-2
280211019,2,,,away,,1,-1,-1,-1
280211020,2,,,home,,-1,3,-1,3
280211028,2,,,away,,-1,-2,-1,1
280211030,2,,,away,,2,-4,2,-6
280211009,2,,,home,,-7,1,-7,1
280211010,2,,,home,,-3,3,-2,6
280212001,2,,,away,,2,-1,8,-2
280212011,2,,,away,,1,1,3,2
280212029,2,,,home,,-1,-4,-1,-6
280212004,2,,,away,,1,1,2,-1
280212014,2,,,away,,3,-4,2,-7
280212017,2,,,home,,-2,1,-3,2
280213009,2,,,home,,2,2,2,2
280213005,2,,,away,,1,-1,1,1
280213015,2,,,away,,2,-3,3,-3
280213016,2,,,away,,3,-3,3,-4
280213019,2,,,home,,4,-2,3,-2
280213020,2,,,home,,-8,4,1,4
280213025,2,,,away,,-1,-1,1,-1
280213028,2,,,home,,1,-3,3,-1
280213030,2,,,home,,-4,-5,-3,-7
280213002,2,,,home,,1,4,1,4
280213006,2,,,home,,-4,9,-3,-2
280213008,2,,,home,,1,6,-1,9
280213010,2,,,home,,-2,4,-2,7
280213012,2,,,away,,-8,1,-8,1
280214004,2,,,home,,-12,-1,-8,-2
280214021,2,,,home,,-2,2,1,-1
280217032,2,,,away,,0,0,0,0
280219005,2,,,away,,8,-2,8,-1
280219007,2,,,home,,2,1,5,-1
280219016,2,,,home,,-1,-4,5,-5
280219022,2,,,away,,-3,1,-3,-4
280219025,2,,,home,,-9,-2,-1,-2
280219026,2,,,home,,1,12,3,2
280219027,2,,,away,,-1,-3,-1,1
280219008,2,,,away,,2,7,1,10
280219013,2,,,home,,-5,1,-4,4
280219024,2,,,home,,-5,-1,1,2
280220003,2,,,home,,-3,1,-1,4
280220011,2,,,away,,2,-1,-2,-2
280220015,2,,,home,,3,-4,-1,-4
280220020,2,,,home,,1,5,1,-1
280220021,2,,,away,,4,3,5,1
280220023,2,,,home,,-6,1,-5,1
280220028,2,,,home,,3,1,2,1
280220009,2,,,home,,-1,3,-1,-1
280220012,2,,,home,,-10,-1,-2,-1
280220017,2,,,home,,-1,2,1,-1
280221010,2,,,home,,-13,5,-9,9
280221016,2,,,away,,2,1,3,1
280221022,2,,,home,,-1,-1,1,-5
280222003,2,,,away,,9,2,10,5
280222004,2,,,home,,-1,1,1,-1
280222011,2,,,home,,-1,-2,1,-3
280222019,2,,,home,,-2,1,1,-1
280222029,2,,,away,,-4,1,-2,-3
280222030,2,,,away,,1,1,2,-1
280222009,2,,,away,,-7,4,-6,1
280222012,2,,,home,,1,1,3,1
280222018,2,,,home,,2,-3,2,-1
280222025,2,,,home,,-5,1,1,-1
280222005,2,,,home,,1,-3,-1,1
280222008,2,,,home,,-1,-1,1,-2
280222021,2,,,home,,-2,-1,-2,-1
280223026,2,,,home,,1,13,1,-1
280223027,2,,,home,,-6,-4,-2,-2
280223012,2,,,away,,5,2,6,2
280223014,2,,,away,,-3,-5,-1,-10
280223015,2,,,home,,-2,1,-1,-1
280223017,2,,,home,,-1,3,1,-1
280223024,2,,,home,,3,1,-1,4
280224021,2,,,away,,-1,1,1,1
280224022,2,,,away,,-3,1,-3,-1
280224016,2,,,away,,1,-1,1,-1
280224005,2,,,home,,-11,1,-4,2
280224019,2,,,home,,2,2,3,1
280224025,2,,,away,,6,2,7,1
280224028,2,,,home,,-1,2,1,-1
280224010,2,,,home,,-2,6,1,11
280225003,2,,,away,,-1,-1,1,-2
280225007,2,,,away,,1,2,2,-2
280225011,2,,,away,,-1,1,1,-1
280225006,2,,,home,,-3,10,-1,2
280225012,2,,,away,,1,-1,1,-1
280225024,2,,,home,,-1,2,-1,5
280226015,2,,,home,,3,2,3,1
280226016,2,,,home,,-1,-2,1,-2
280226029,2,,,away,,-1,-1,-1,-5
280226009,2,,,home,,-2,-1,-1,-1
280226010,2,,,home,,1,7,2,12
280226013,2,,,home,,-6,2,-2,8
280226014,2,,,home,,-1,-6,-1,-11
280226017,2,,,away,,-1,4,2,1
280227001,2,,,home,,-2,-2,-2,-2
280227003,2,,,home,,1,-2,1,-3
280227011,2,,,away,,-4,-1,-2,-2
280227020,2,,,home,,1,6,3,1
280227025,2,,,away,,-3,-1,-3,-2
280227026,2,,,home,,2,14,3,-1
280227028,2,,,home,,-3,3,1,2
280227002,2,,,home,,-1,5,-1,2
280227012,2,,,away,,-7,-2,-3,-2
280227018,2,,,home,,-7,1,-3,-1
280228024,2,,,home,,2,3,3,6
280228013,2,,,home,,-14,3,1,9
280228017,2,,,home,,-2,-1,2,-1
280229003,2,,,home,,-2,1,1,1
280229004,2,,,away,,-1,2,-1,1
280229028,2,,,away,,-2,4,-3,3
280229001,2,,,home,,-2,1,1,1
280229002,2,,,home,,-8,6,-4,3
280229005,2,,,home,,-4,2,-1,-2
280229006,2,,,home,,-3,11,-3,-1
280229009,2,,,home,,1,1,2,1
280229010,2,,,home,,-12,8,-6,13
280229022,2,,,home,,7,-1,10,1
280229025,2,,,away,,-15,-2,-1,-3
280229007,2,,,home,,1,-1,-3,1
280301019,2,,,home,,-3,3,-1,-1
280301021,2,,,away,,-1,-1,-1,-1
280301029,2,,,away,,-3,-2,-1,-7
280301012,2,,,away,,-1,-3,-1,-4
280301015,2,,,away,,3,3,7,-1
280302013,2,,,home,,-1,4,1,-1
280302005,2,,,home,,1,3,-1,1
280302016,2,,,away,,-3,1,-4,-2
280302002,2,,,home,,-2,7,2,4
280302009,2,,,home,,1,2,2,2
280302011,2,,,home,,-3,-2,-2,1
280302017,2,,,away,,4,1,8,1
280302023,2,,,home,,1,2,1,-4
280302027,2,,,home,,-1,1,2,1
280302030,2,,,home,,1,-1,-1,-5
280302010,2,,,home,,1,9,2,14
280303026,2,,,home,,-2,15,-1,1
280303012,2,,,away,,1,-4,1,-5
280303018,2,,,away,,-2,2,-1,-2
280304001,2,,,away,,-1,2,3,-1
280304016,2,,,away,,-9,-1,1,-3
280304019,2,,,home,,-1,4,-2,1
280304022,2,,,away,,-1,1,-2,-1
280304023,2,,,away,,-1,3,1,1
280304004,2,,,home,,-13,-1,-8,-2
280304008,2,,,home,,1,1,1,1
280304024,2,,,home,,-2,4,-1,9
280305003,2,,,home,,-3,2,-2,1
280305007,2,,,home,,1,1,1,-1
280305015,2,,,home,,-1,-1,-1,-3
280305026,2,,,home,,-5,16,-4,2
280305027,2,,,away,,-1,2,2,2
280305029,2,,,home,,-3,-3,-2,-9
280305030,2,,,home,,1,1,4,2
280305002,2,,,home,,1,8,2,5
280305010,2,,,home,,1,10,2,15
280305012,2,,,home,,-4,-5,-1,-6
280305014,2,,,away,,-2,1,-3,-1
280305018,2,,,away,,-2,-1,2,-3
280306004,2,,,home,,1,1,3,1
280306024,2,,,home,,-1,5,-1,10
280306006,2,,,away,,10,12,16,-2
280307003,2,,,home,,-4,3,-3,2
280307020,2,,,home,,-2,7,-2,2
280307021,2,,,away,,1,-2,3,-1
280307023,2,,,away,,-6,-1,-5,-2
280307028,2,,,away,,1,-1,-1,1
280307030,2,,,home,,-4,2,-3,3
280307013,2,,,home,,-1,5,1,2
280307014,2,,,away,,-1,-1,-1,-2
280307015,2,,,away,,-1,1,-2,1
280307018,2,,,away,,-1,-2,-1,-4
280307002,2,,,home,,-1,9,2,6
280307007,2,,,home,,5,2,11,1
280308005,2,,,home,,-2,4,-2,-1
280308001,2,,,home,,-1,-1,-3,-4
280308019,2,,,away,,1,5,1,3
280308026,2,,,home,,-1,17,2,4
280308027,2,,,away,,1,-1,4,1
280308029,2,,,away,,2,1,7,1
280308006,2,,,home,,-5,-1,-4,-3
280308010,2,,,home,,1,11,3,17
280308012,2,,,away,,1,1,1,-1
280308018,2,,,away,,1,-3,1,-5
280309015,2,,,away,,2,-1,3,-1
280309021,2,,,home,,-1,-3,-1,-2
280309028,2,,,home,,-3,-2,-3,-1
280309013,2,,,away,,-5,6,-3,3
280309008,2,,,home,,-2,2,-1,1
280310005,2,,,home,,2,5,2,1
280310019,2,,,home,,-5,-1,1,-1
280310020,2,,,away,,3,8,8,4
280310006,2,,,home,,-4,1,-6,1
280310010,2,,,home,,-6,12,-5,18
280310014,2,,,away,,-2,-2,-2,-4
280310024,2,,,home,,-2,6,-1,-2
280311011,2,,,home,,-4,1,-4,-3
280311016,2,,,away,,-1,-2,-1,2
280311021,2,,,home,,-14,1,-1,1
280311027,2,,,home,,-4,-2,-2,-1
280311004,2,,,home,,2,2,5,-2
280311013,2,,,home,,1,-1,1,-1
280312001,2,,,away,,11,1,19,-1
280312003,2,,,home,,-2,4,1,-1
280312007,2,,,home,,-15,3,-2,-2
280312015,2,,,away,,-1,-2,-1,-3
280312019,2,,,home,,1,1,1,1
280312002,2,,,home,,-5,10,-5,9
280312006,2,,,home,,2,2,5,2
280312008,2,,,away,,3,3,-1,2
280312009,2,,,home,,-1,3,-1,2
280312014,2,,,away,,-5,-3,-7,-5
280312017,2,,,home,,-1,-1,2,-6
280313023,2,,,home,,1,-2,1,1
280313021,2,,,home,,2,2,3,2
280313027,2,,,home,,-2,1,-1,1
280314003,2,,,home,,1,5,1,1
280314007,2,,,home,,-2,4,-2,1
280314001,2,,,home,,-1,-1,-1,-2
280314002,2,,,away,,1,11,1,10
280314004,2,,,away,,4,3,1,1
280314006,2,,,home,,-3,3,1,3
280314010,2,,,home,,-1,13,-1,20
280314014,2,,,away,,1,-4,2,-6
280314025,2,,,away,,2,-3,-1,-6
280314008,2,,,home,,-3,-1,-1,-1
280315019,2,,,home,,-4,2,-1,3
280315020,2,,,home,,-4,-1,-2,2
280315021,2,,,home,,1,3,2,3
280315022,2,,,home,,3,-1,1,-1
280315027,2,,,home,,-2,2,-2,2
280315009,2,,,home,,-16,4,-3,-1
280315015,2,,,away,,4,-3,-1,-4
280315017,2,,,home,,2,1,2,1
280316008,2,,,home,,-1,1,2,1
280316010,2,,,home,,-1,14,-1,21
280316005,2,,,home,,-2,6,-2,-2
280316014,2,,,away,,-3,-5,4,-7
280316018,2,,,away,,-6,-4,1,1
280316023,2,,,home,,-3,1,-3,-1
280316007,2,,,home,,-6,5,-7,2
280317003,2,,,home,,-3,6,-1,-1
280317011,2,,,home,,1,2,-1,-2
280317016,2,,,home,,-3,-3,-3,-1
280317019,2,,,home,,-3,3,1,4
280317026,2,,,home,,-4,18,-4,-1
280317027,2,,,away,,1,3,2,3
280317029,2,,,home,,-3,-1,-3,-4
280317024,2,,,away,,5,7,1,-3
280318015,2,,,away,,-2,-4,-8,-5
280318023,2,,,home,,-1,2,1,1
280318004,2,,,home,,-7,-1,2,-2
280318006,2,,,away,,-2,4,-2,5
280318008,2,,,home,,-3,2,3,2
280318022,2,,,away,,-1,1,4,1
280318010,2,,,away,,6,15,2,22
280319003,2,,,home,,12,7,-1,1
280319011,2,,,home,,-4,3,-4,1
280319016,2,,,home,,-17,1,1,1
280319019,2,,,away,,2,4,-1,5
280319020,2,,,home,,-4,1,-1,3
280319025,2,,,away,,1,-4,5,-8
280319028,2,,,home,,1,1,1,-5
280319012,2,,,away,,-2,-1,-1,-4
280319017,2,,,home,,2,2,3,-1
280319005,2,,,home,,1,7,3,-1
280320004,2,,,away,,-5,1,-4,1
280320006,2,,,away,,7,-1,3,-1
280320026,2,,,away,,1,19,1,1
280321011,2,,,home,,-1,4,2,2
280321019,2,,,home,,5,-1,4,-1
280321022,2,,,home,,-4,-1,-5,-1
280321005,2,,,home,,-5,8,1,1
280321009,2,,,away,,-1,5,-2,1
280321013,2,,,home,,-7,1,-9,2
280321014,2,,,away,,3,-6,1,-1
280321017,2,,,away,,-5,3,-2,1
280321018,2,,,away,,-18,-5,-1,-2
280321024,2,,,home,,-1,-1,2,1
280322001,2,,,home,,2,1,1,-1
280322003,2,,,home,,8,8,4,2
280322016,2,,,home,,-1,2,-3,-1
280322020,2,,,home,,-8,2,-1,-1
280322021,2,,,home,,1,4,1,6
280322026,2,,,home,,-8,-1,-10,-1
280322029,2,,,home,,-2,1,-1,1
280322030,2,,,home,,-1,3,-2,-5
280322004,2,,,away,,-5,-1,3,-1
280322012,2,,,away,,-1,-2,1,-6
280322015,2,,,home,,-4,-5,2,-6
280323006,2,,,away,,1,-2,2,-2
280323028,2,,,away,,1,2,1,-1
280323013,2,,,away,,1,2,-1,3
280323027,2,,,home,,-1,-1,-1,2
280324025,2,,,home,,1,-5,2,-11
280324029,2,,,away,,2,2,2,2
280324002,2,,,away,,-1,-1,1,-1
280324008,2,,,home,,2,3,7,-2
280324009,2,,,away,,2,-1,-1,1
280324010,2,,,home,,-3,-1,-2,-1
280324014,2,,,home,,-5,-7,1,-3
280324018,2,,,away,,-9,-6,-2,-4
280325011,2,,,away,,-2,5,3,4
280325019,2,,,away,,2,1,3,-1
280325022,2,,,home,,4,1,3,-1
280325026,2,,,home,,-5,1,1,1
280325004,2,,,home,,-1,-2,1,-2
280325006,2,,,home,,-5,-3,-7,-3
280326001,2,,,home,,-6,2,-1,-1
280326002,2,,,home,,-1,-2,-1,-2
280326005,2,,,away,,1,9,4,-1
280326020,2,,,home,,-4,3,1,2
280326023,2,,,home,,1,3,-1,-3
280326025,2,,,away,,-1,1,-1,1
280326028,2,,,home,,-2,-1,1,-2
280326010,2,,,home,,-2,1,1,1
280326013,2,,,away,,-6,-1,-1,1
280326017,2,,,home,,1,-1,-1,1
280326018,2,,,home,,-2,-7,1,-5
280326024,2,,,home,,-6,1,-8,4
280327007,2,,,home,,1,6,1,3
280327009,2,,,home,,-1,-2,1,-1
280327008,2,,,home,,-3,4,-1,-1
280328011,2,,,home,,1,-1,2,-2
280328020,2,,,away,,-2,4,-2,3
280328023,2,,,away,,1,4,1,1
280328026,2,,,home,,-7,2,-9,2
280328028,2,,,home,,-2,1,1,1
280328001,2,,,home,,-5,3,-1,1
280328002,2,,,home,,2,1,5,1
280328013,2,,,away,,-1,-2,-2,-1
280328015,2,,,away,,-1,1,-2,-2
280328024,2,,,home,,-3,2,-1,5
280328025,2,,,away,,1,-1,1,-1
280329007,2,,,home,,2,7,1,4
280329022,2,,,away,,2,2,2,-1
280329004,2,,,home,,-7,1,-3,-2
280329008,2,,,home,,-5,5,-2,1
280329012,2,,,home,,1,-3,1,-10
280329017,2,,,away,,1,1,1,-1
280330024,2,,,home,,-1,3,2,6
280330016,2,,,home,,-1,3,3,-2
280330001,2,,,home,,-3,4,-1,2
280330002,2,,,home,,-4,2,-2,2
280330005,2,,,home,,1,-1,-1,-3
280330009,2,,,home,,-1,1,-1,-1
280330025,2,,,away,,-4,-2,-1,-2
280330028,2,,,away,,-1,2,-1,2
280330013,2,,,home,,2,-3,2,-2
280331011,2,,,home,,-5,1,-3,1
280331021,2,,,home,,3,5,5,2
280331026,2,,,home,,-1,3,-1,-1
280331029,2,,,away,,-2,-1,3,-1
280331030,2,,,away,,-6,4,-1,3
280331012,2,,,away,,-2,1,-2,1
280401007,2,,,home,,2,8,3,-1
280401015,2,,,home,,-4,-1,-2,-4
280401016,2,,,away,,-3,4,2,1
280401019,2,,,away,,1,-1,1,1
280401023,2,,,home,,-2,-1,-1,1
280401004,2,,,away,,-1,2,3,1
280401017,2,,,away,,-1,-1,-2,-2
280401024,2,,,home,,-1,4,1,7
280402001,2,,,home,,1,5,1,4
280402002,2,,,home,,-1,3,2,4
280402025,2,,,away,,-8,-3,-1,-3
280402026,2,,,home,,-4,4,-1,1
280402027,2,,,away,,-8,1,1,-2
280402029,2,,,home,,-5,-2,-3,-2
280402030,2,,,away,,-6,-1,1,-1
280402013,2,,,home,,-2,1,-2,1
280402014,2,,,away,,2,1,2,-4
280402006,2,,,home,,-2,1,-1,1
280403023,2,,,home,,1,1,1,2
280403022,2,,,away,,-3,-1,-2,-3
280403005,2,,,away,,-6,1,-1,2
280404026,2,,,home,,3,5,8,2
280404003,2,,,home,,-6,9,-4,3
280404021,2,,,home,,-5,6,-2,-1
280404028,2,,,away,,3,-1,-2,-1
280404029,2,,,away,,-3,1,-2,1
280404001,2,,,away,,1,6,1,5
280404013,2,,,home,,1,2,2,2
280404015,2,,,away,,-2,1,-1,2
280404025,2,,,away,,1,-4,1,-4
280404008,2,,,home,,-1,6,-3,3
280404027,2,,,home,,-6,-1,-5,-3
280405005,2,,,away,,1,-1,-1,-1
280405007,2,,,away,,1,9,3,1
280405020,2,,,away,,1,-1,-1,2
280405030,2,,,away,,1,-2,5,1
280405004,2,,,away,,-2,-1,1,1
280405017,2,,,home,,-1,-2,-2,-4
280406003,2,,,home,,1,10,1,4
280406021,2,,,away,,-1,7,-1,1
280406022,2,,,away,,-1,-2,-1,-4
280406016,2,,,away,,-1,-1,-1,-3
280406011,2,,,home,,1,2,-1,1
280406014,2,,,away,,1,-1,4,-6
280406023,2,,,away,,3,2,3,4
280406025,2,,,home,,-1,-5,-1,-5
280406012,2,,,away,,2,-1,2,-1
280406018,2,,,home,,2,1,1,-5
280408003,2,,,away,,-2,11,3,5
280408011,2,,,home,,2,3,1,2
280408015,2,,,away,,2,-1,6,-2
280408022,2,,,home,,4,-3,4,-5
280408029,2,,,away,,-1,-1,-1,1
280408030,2,,,home,,-6,-3,-4,-1
280408006,2,,,home,,-9,2,1,1
280408009,2,,,home,,2,2,-1,-1
280408012,2,,,away,,-2,-2,-2,-2
280408014,2,,,home,,1,-2,-1,-7
280408008,2,,,away,,-7,7,1,5
280409005,2,,,home,,-2,-2,1,-2
280409016,2,,,away,,3,-2,-1,-5
280409019,2,,,home,,-1,-2,-2,-1
280409020,2,,,home,,2,-2,-1,-1
280409027,2,,,home,,3,1,7,2
280409028,2,,,home,,-1,-2,-3,-3
280409010,2,,,home,,-10,2,-1,3
280409018,2,,,home,,4,2,1,2
280409024,2,,,away,,1,5,1,1
280410009,2,,,away,,1,3,1,1
280410006,2,,,home,,1,3,4,2
280410012,2,,,away,,-1,-3,-1,-3
280411004,2,,,home,,1,-2,1,-3
280411019,2,,,away,,-7,1,-6,1
280411020,2,,,away,,1,1,3,1
280411023,2,,,home,,-3,-1,1,-2
280411028,2,,,home,,-3,1,-1,1
280411002,2,,,home,,-2,4,-4,-1
280411010,2,,,home,,2,3,2,4
280411013,2,,,home,,4,3,1,1
280411014,2,,,away,,1,1,-1,1
280411018,2,,,away,,-1,3,-1,3
280411024,2,,,home,,-11,-1,-2,-1
280411008,2,,,home,,1,-1,3,-2
280412001,2,,,away,,-1,-1,1,1
280412011,2,,,away,,-1,4,-1,4
280412022,2,,,home,,1,1,3,-1
280412023,2,,,home,,-1,1,-1,1
280412026,2,,,home,,2,6,2,-1
280412027,2,,,home,,2,2,-1,-1
280412029,2,,,away,,1,-2,1,1
280412009,2,,,home,,-1,-1,-4,-1
280412015,2,,,away,,-4,-2,-2,-5
280413013,2,,,home,,1,4,1,2
280413008,2,,,home,,-2,1,2,1
280413004,2,,,away,,-1,1,-1,1
280413005,2,,,home,,-7,1,-1,-1
280413025,2,,,home,,-1,1,-1,-3
280413007,2,,,home,,3,-1,5,-1
280414015,2,,,away,,-2,-3,-1,-6
280414020,2,,,away,,-1,-1,1,-2
280414021,2,,,home,,-1,-1,1,-1
280414023,2,,,away,,-1,2,-1,2
280414026,2,,,home,,-1,7,-1,1
280414027,2,,,home,,2,3,-1,1
280414028,2,,,home,,-8,2,-2,-1
280414018,2,,,away,,1,-1,2,-1
280415001,2,,,away,,1,-2,1,-1
280415003,2,,,home,,-2,-1,-5,-2
280415022,2,,,home,,2,2,-1,1
280415008,2,,,home,,2,2,2,2
280415013,2,,,home,,-1,5,-1,3
280415017,2,,,home,,1,1,1,1
280416006,2,,,home,,-2,4,1,-2
280416005,2,,,away,,-1,2,3,2
280416007,2,,,home,,-1,1,-2,1
280416011,2,,,home,,1,-1,-2,-2
280416016,2,,,home,,-3,-3,-7,-1
280416019,2,,,home,,-1,-1,2,2
280416021,2,,,home,,-4,1,2,1
280416030,2,,,home,,-1,1,-3,-1
280416002,2,,,home,,1,5,2,3
280416004,2,,,home,,-3,-1,1,1
280416009,2,,,away,,-12,1,1,-1
280416010,2,,,home,,-3,4,-6,-2
280416014,2,,,home,,1,-1,-2,-3
280416024,2,,,home,,-1,1,2,1
280419005,3,,,home,,0,0,0,0
280419024,3,,,home,,0,0,0,0
280419003,3,,,home,,0,0,0,0
280419010,3,,,away,,0,0,0,0
280420013,3,,,home,,0,0,0,0
280420019,3,,,home,,0,0,0,0
280420008,3,,,away,,0,0,0,0
280420002,3,,,home,,0,0,0,0
280421005,3,,,home,,-1,1,-1,1
280421010,3,,,away,,1,-1,1,-1
280422003,3,,,home,,-1,1,-1,1
280422019,3,,,home,,-1,1,-1,1
280422024,3,,,home,,-1,1,-1,1
280423008,3,,,home,,1,-1,1,-1
280423013,3,,,home,,-1,1,-1,1
280423002,3,,,home,,-1,1,-1,1
280424028,3,,,home,,0,0,2,-2
280424027,3,,,home,,0,0,2,-2
280424026,3,,,away,,0,0,-2,2
280425006,3,,,home,,0,0,2,-2
280425020,3,,,home,,0,0,1,-1
280425021,3,,,away,,0,0,2,-2
280426028,3,,,away,,-1,1,-1,1
280426007,3,,,away,,0,0,2,-2
280426001,3,,,home,,0,0,2,-2
280426026,3,,,home,,1,-1,1,-1
280427021,3,,,home,,1,-1,3,-3
280427027,3,,,away,,-1,1,-1,1
280427020,3,,,away,,-1,1,-1,1
280427006,3,,,away,,-1,1,-1,1
280428019,3,,,home,,-2,2,-1,1
280428001,3,,,home,,-1,1,-1,1
280428007,3,,,away,,1,-1,3,-3
280429003,3,,,home,,-2,2,-1,1
280429008,3,,,home,,-1,1,-1,1
280429010,3,,,home,,2,-2,1,-1
280429024,3,,,home,,-2,2,1,-1
280430005,3,,,away,,-2,2,-1,1
280430002,3,,,home,,-2,2,2,-2
280501020,3,,,away,,1,-1,2,-2
280502027,3,,,away,,1,-1,-1,1
280502001,3,,,home,,-2,2,1,-1
280502026,3,,,home,,-1,1,1,-1
280503008,3,,,home,,1,2,2,3
280503003,3,,,home,,-1,3,1,2
280504013,3,,,home,,-1,2,1,4
280504002,3,,,home,,-3,3,1,-1
280505008,3,,,home,,-1,3,-1,4
280505003,3,,,home,,-2,4,-1,3
280506002,3,,,home,,2,4,1,1
280507013,3,,,home,,-2,3,-1,5
280507019,3,,,home,,2,3,5,-2
280508002,3,,,home,,-1,5,-1,2
280508024,3,,,home,,1,3,4,-2
280509026,3,,,home,,2,2,6,-2
280510019,3,,,away,,-1,4,-1,1
280510005,3,,,home,,-3,-1,3,-2
280511026,3,,,home,,-1,3,-1,1
280511024,3,,,home,,-1,4,-1,1
280512005,3,,,home,,-4,1,-1,1
280513008,3,,,home,,-2,4,-1,1
280513003,3,,,home,,-3,5,2,-2
280514013,3,,,home,,-3,4,2,-2
280514002,3,,,home,,-2,6,2,-2
280515024,3,,,home,,-2,5,1,-1
280516005,3,,,home,,-5,2,1,-1
280516026,3,,,away,,-2,4,1,-1
280518002,3,,,home,,-3,7,1,-1
280519003,3,,,away,,-4,6,1,-1
280520002,3,,,home,,1,8,2,1
280521013,3,,,home,,1,5,2,2
280522002,3,,,away,,-1,9,-1,2
280523013,3,,,home,,-1,6,-1,3
280524008,3,,,away,,-6,5,-1,1
280525024,3,,,home,,1,6,4,-2
280526008,3,,,home,,1,-1,1,-1
280527024,3,,,away,,-1,7,-1,1
280528002,3,,,home,,1,-1,1,-1
280529013,3,,,home,,-2,7,-1,1
280530008,3,,,away,,-1,1,1,-1
280605002,3,,,home,,1,1,2,2
280608002,3,,,home,,-1,2,-1,3
280610013,3,,,home,,1,8,4,-2
280612013,3,,,away,,-1,9,-1,1
280615013,3,,,home,,1,-1,1,-1
280617002,3,,,home,,-2,3,1,-1
281005014,1,,,away,,0,0,0,0
281005003,1,,,home,,0,0,0,0
281006019,1,,,away,,0,0,0,0
281006015,1,,,away,,0,0,0,0
281007005,1,,,away,,0,0,0,0
281007006,1,,,home,,0,0,0,0
281007010,1,,,home,,0,0,0,0
281007013,1,,,away,,0,0,0,0
281007022,1,,,home,,0,0,0,0
281008011,1,,,away,,0,0,1,0
281008019,1,,,home,,0,-1,0,-1
281008020,1,,,home,,0,0,0,0
281008028,1,,,home,,0,0,0,1
281008008,1,,,home,,0,0,-1,1
281008029,1,,,away,,-1,0,-1,-1
281008016,1,,,home,,0,0,0,1
281008021,1,,,away,,1,0,1,0
281008022,1,,,away,,-1,1,-1,1
281009014,1,,,away,,0,-1,0,-1
281009004,1,,,away,,0,0,1,0
281009010,1,,,home,,0,1,0,1
281009026,1,,,away,,0,0,-1,1
281009013,1,,,away,,0,-1,0,-1
281010011,1,,,home,,0,-1,-1,-1
281010019,1,,,home,,0,1,0,1
281010020,1,,,away,,-1,1,-1,1
281010027,1,,,away,,1,0,2,1
281010002,1,,,home,,0,0,-1,-1
281010022,1,,,home,,2,-1,2,-1
281010029,1,,,home,,-1,-1,-1,-2
281010015,1,,,away,,1,-1,2,-2
281010024,1,,,away,,1,0,2,-1
281010007,1,,,home,,1,0,2,0
281010023,1,,,home,,-1,0,-1,-1
281011002,1,,,home,,0,1,2,1
281011015,1,,,away,,2,-2,3,-3
281011021,1,,,away,,0,-1,1,1
281011009,1,,,home,,-2,0,-2,1
281012028,1,,,away,,0,1,-1,2
281012017,1,,,home,,0,0,-2,1
281012022,1,,,away,,1,1,-1,1
281012013,1,,,home,,-1,-2,1,-2
281013001,1,,,home,,-2,0,-2,-1
281013029,1,,,home,,0,1,1,1
281013010,1,,,away,,-3,2,-3,-1
281014003,1,,,home,,1,1,-1,3
281014008,1,,,away,,-1,1,-2,4
281014028,1,,,home,,-1,-1,-1,-1
281014005,1,,,away,,-1,-1,2,-2
281014018,1,,,away,,1,0,1,1
281014025,1,,,away,,1,0,1,1
281014004,1,,,away,,-1,-1,-1,-2
281015009,1,,,home,,1,-3,2,-4
281015001,1,,,away,,1,1,-1,1
281015011,1,,,home,,2,1,3,-1
281015029,1,,,away,,-1,2,-2,2
281015007,1,,,home,,2,1,1,2
281015023,1,,,away,,2,1,2,-1
281016030,1,,,away,,0,0,2,-3
281016005,1,,,away,,1,-2,1,-3
281016028,1,,,away,,1,1,1,1
281016008,1,,,home,,-1,-1,-1,-1
281016017,1,,,away,,1,1,3,2
281017009,1,,,home,,-1,1,1,-1
281017027,1,,,away,,2,-1,4,-2
281017011,1,,,home,,-1,2,-1,1
281017002,1,,,away,,1,2,-1,4
281017007,1,,,home,,2,2,1,3
281017004,1,,,home,,-1,-2,-1,-3
281017010,1,,,home,,-2,-1,-2,1
281018030,1,,,away,,-1,-1,-1,-4
281018005,1,,,home,,2,-3,2,-4
281018012,1,,,away,,1,0,-1,3
281018014,1,,,away,,1,-2,3,-3
281018004,1,,,away,,-2,1,-2,1
281018024,1,,,home,,-1,-1,2,2
281018006,1,,,home,,-3,1,-3,-2
281018013,1,,,home,,0,1,0,1
281019002,1,,,home,,1,-1,-1,-1
281019016,1,,,home,,1,1,4,2
281019138,1,,,away,,3,0,-1,-1
281019013,1,,,home,,2,2,1,2
281020001,1,,,away,,2,-1,4,1
281020017,1,,,away,,2,-1,1,-2
281020021,1,,,home,,-3,-2,-5,-1
281020023,1,,,away,,0,-1,-1,-4
281021020,1,,,away,,-1,-1,1,-1
281021014,1,,,home,,-2,-3,-2,-4
281021018,1,,,away,,2,-1,1,2
281021003,1,,,home,,-2,2,-1,5
281021006,1,,,away,,-1,2,-1,1
281021028,1,,,away,,-1,-1,-1,-1
281021013,1,,,home,,-4,3,-6,3
281021009,1,,,home,,0,2,0,1
281021012,1,,,away,,-1,-1,1,1
281022019,1,,,home,,-3,2,-3,5
281022008,1,,,home,,1,1,2,1
281022017,1,,,away,,-1,-2,-2,-3
281022016,1,,,away,,1,2,1,3
281022024,1,,,away,,-1,1,-3,3
281022012,1,,,away,,1,-2,1,-1
281023008,1,,,away,,1,2,-1,2
281023016,1,,,home,,-2,-1,-1,-1
281023003,1,,,home,,-1,3,1,6
281023006,1,,,away,,-3,-1,-2,-1
281023026,1,,,home,,2,-1,2,1
281023013,1,,,home,,-5,4,-7,4
281023021,1,,,home,,1,1,-1,2
281023023,1,,,away,,1,-2,2,-5
281024018,1,,,away,,-1,-2,-4,-1
281024005,1,,,home,,1,1,1,-1
281024004,1,,,home,,-3,-1,-2,2
281024024,1,,,away,,-2,-1,-1,-1
281024012,1,,,away,,1,-3,1,-2
281024013,1,,,home,,-1,5,-2,5
281028002,2,,,home,,0,0,0,0
281028004,2,,,home,,0,0,0,0
281028013,2,,,home,,0,0,0,0
281029020,2,,,away,,0,0,0,0
281029019,2,,,away,,0,0,0,0
281029027,2,,,away,,0,0,0,0
281029018,2,,,home,,0,0,0,0
281029008,2,,,home,,0,0,0,0
281029016,2,,,home,,0,0,0,0
281029024,2,,,away,,0,0,0,0
281029025,2,,,away,,-1,0,-1,0
281029010,2,,,home,,0,0,0,0
281029026,2,,,home,,0,0,0,0
281029009,2,,,away,,0,0,0,0
281029012,2,,,away,,0,0,1,0
281030005,2,,,home,,0,0,0,-1
281030006,2,,,away,,0,0,1,0
281030021,2,,,away,,1,0,1,1
281031020,2,,,home,,0,-1,1,-1
281031028,2,,,home,,0,0,-1,1
281031014,2,,,home,,-1,0,-1,-1
281031002,2,,,home,,0,1,1,1
281031029,2,,,home,,0,0,-1,-1
281031012,2,,,away,,-1,-1,-1,-1
281031022,2,,,home,,0,0,-1,-1
281101001,2,,,home,,0,0,1,1
281101011,2,,,home,,0,0,2,-1
281101019,2,,,home,,-2,-1,-2,-2
281101030,2,,,home,,-1,0,1,-1
281101008,2,,,home,,0,1,-1,1
281101017,2,,,away,,-1,0,-2,1
281101003,2,,,home,,-1,0,1,2
281101016,2,,,away,,0,1,-1,1
281101004,2,,,home,,-1,1,1,-1
281101010,2,,,home,,0,1,-1,2
281101015,2,,,away,,1,0,2,1
281101007,2,,,away,,1,0,2,1
281101026,2,,,home,,0,1,-2,1
281101021,2,,,home,,-1,-1,1,-1
281102018,2,,,away,,1,1,-1,-1
281102025,2,,,home,,0,-1,-1,-2
281103019,2,,,home,,-1,1,1,1
281103020,2,,,home,,-3,1,-3,-1
281103030,2,,,away,,0,1,2,1
281103029,2,,,home,,1,1,1,-1
281103006,2,,,away,,-2,-1,-1,1
281103012,2,,,away,,0,-2,2,-3
281104017,2,,,away,,1,-1,1,-1
281104010,2,,,away,,-1,2,-1,3
281104024,2,,,away,,1,-1,-1,-2
281105011,2,,,away,,2,1,2,1
281105028,2,,,away,,1,1,3,3
281105014,2,,,home,,-1,1,1,-1
281105018,2,,,home,,-1,-1,-1,-2
281105003,2,,,away,,1,1,2,3
281105005,2,,,home,,-2,1,-1,1
281105015,2,,,home,,-1,-1,-2,1
281105016,2,,,away,,-1,-1,-3,-2
281105025,2,,,away,,1,1,1,1
281105026,2,,,home,,-2,2,-1,3
281105023,2,,,home,,-2,0,1,-4
281105009,2,,,home,,1,-1,-1,-1
281105013,2,,,home,,-1,1,-4,3
281106019,2,,,home,,-2,2,-1,2
281106022,2,,,home,,1,1,-1,-2
281107027,2,,,away,,-1,-1,1,-3
281107030,2,,,home,,2,-1,-1,-2
281107001,2,,,home,,2,1,-1,3
281107002,2,,,home,,2,2,2,2
281107005,2,,,home,,-1,2,-1,2
281107017,2,,,home,,2,-2,4,-2
281107024,2,,,away,,-2,-2,1,1
281107004,2,,,home,,3,2,3,-2
281107026,2,,,home,,-1,3,-1,4
281107023,2,,,home,,-1,1,-3,1
281107007,2,,,home,,2,-1,1,-2
281107009,2,,,away,,-3,1,-1,1
281107012,2,,,away,,-1,-3,-2,-5
281108011,2,,,home,,1,-1,1,-2
281108019,2,,,home,,-2,3,-4,3
281108003,2,,,home,,1,-1,2,-2
281108004,2,,,away,,1,3,3,1
281108015,2,,,away,,-1,1,-1,-1
281108022,2,,,home,,-2,2,-4,1
281109030,2,,,away,,-1,1,-2,1
281109018,2,,,home,,1,1,5,2
281109012,2,,,home,,-1,-4,-1,-6
281109008,2,,,away,,2,2,3,-1
281109025,2,,,away,,2,-1,4,-2
281109007,2,,,home,,1,1,1,1
281109023,2,,,home,,-1,2,-1,2
281109013,2,,,home,,1,2,1,4
281110011,2,,,home,,-2,1,-3,1
281110019,2,,,away,,-3,4,2,4
281110002,2,,,home,,1,3,1,4
281110014,2,,,home,,-1,2,-1,-1
281110021,2,,,home,,-1,1,-1,1
281111005,2,,,home,,-1,3,-2,4
281111020,2,,,away,,-1,2,-1,-2
281111030,2,,,away,,-1,-1,2,-1
281111004,2,,,away,,3,-1,5,-1
281111006,2,,,away,,2,-2,5,-2
281111024,2,,,home,,1,-3,3,-1
281111023,2,,,away,,-1,3,-2,3
281111009,2,,,home,,-3,-1,-5,-2
281112028,2,,,away,,-3,-1,-3,-1
281112002,2,,,home,,4,4,6,5
281112017,2,,,away,,-2,1,2,-2
281112003,2,,,away,,3,1,6,1
281112014,2,,,away,,1,3,3,1
281112015,2,,,home,,1,-1,1,-3
281112025,2,,,away,,-1,-2,-1,-4
281112027,2,,,home,,1,-2,1,-5
281112029,2,,,away,,-1,2,-1,-2
281112012,2,,,away,,-4,1,-1,1
281112021,2,,,away,,-1,2,-1,2
281113005,2,,,home,,1,4,3,5
281113004,2,,,home,,-2,-2,-3,-2
281113009,2,,,away,,1,1,1,1
281114011,2,,,away,,1,2,1,3
281114030,2,,,home,,-1,-2,-1,-2
281114014,2,,,home,,-3,-1,1,-1
281114017,2,,,home,,-1,-1,-1,-3
281114018,2,,,home,,-3,2,-5,1
281114002,2,,,away,,-1,5,-1,6
281114003,2,,,home,,2,-1,4,-1
281114029,2,,,away,,-2,-1,1,-3
281114006,2,,,away,,1,-3,1,-4
281114024,2,,,home,,1,1,1,-1
281114023,2,,,away,,1,-1,-1,1
281114013,2,,,away,,2,3,2,7
281115012,2,,,away,,-2,-1,-1,-1
281115001,2,,,away,,-2,2,1,-2
281115020,2,,,home,,-4,-1,-6,2
281115005,2,,,home,,-2,5,-2,6
281115016,2,,,away,,-1,-2,-1,-6
281115004,2,,,home,,1,1,-1,1
281115010,2,,,home,,-1,-1,1,-1
281115015,2,,,away,,3,1,-1,2
281116028,2,,,home,,-1,-2,1,-2
281116030,2,,,away,,2,1,2,1
281116018,2,,,away,,-3,3,-5,2
281116007,2,,,home,,-4,2,-7,1
281116021,2,,,home,,3,-1,3,1
281116023,2,,,away,,-1,-2,1,-1
281117025,2,,,away,,-1,-3,1,-7
281117026,2,,,home,,2,4,2,-3
281117012,2,,,away,,1,-2,2,-2
281118011,2,,,home,,-2,-1,-3,-2
281118019,2,,,home,,-1,-1,1,3
281118027,2,,,away,,-2,1,-1,-1
281118030,2,,,away,,1,-1,1,-1
281118002,2,,,home,,1,-1,-1,1
281118017,2,,,away,,2,1,7,2
281118029,2,,,home,,1,-2,-2,-4
281118007,2,,,home,,1,3,-1,2
281118009,2,,,home,,1,-1,1,1
281118013,2,,,home,,-3,-1,2,-1
281119001,2,,,home,,-4,-1,-2,-4
281119008,2,,,home,,3,-1,8,-1
281119014,2,,,away,,-2,1,-1,1
281119003,2,,,away,,-1,1,-3,-1
281119010,2,,,away,,2,1,2,2
281119016,2,,,home,,2,-3,3,-8
281119025,2,,,away,,-2,-4,-3,-8
281119024,2,,,away,,1,2,3,3
281119026,2,,,home,,-1,5,-2,1
281119022,2,,,home,,-4,3,-1,-1
281120002,2,,,home,,-1,1,1,2
281120021,2,,,away,,4,1,1,-1
281121011,2,,,away,,3,1,4,1
281121020,2,,,home,,1,1,1,-1
281121027,2,,,away,,1,-1,-1,-3
281121028,2,,,away,,1,1,-1,1
281121001,2,,,home,,-2,1,-2,1
281121016,2,,,away,,4,1,3,1
281121006,2,,,home,,-2,-4,1,3
281121015,2,,,home,,-1,-1,-2,-3
281121024,2,,,home,,-3,-1,2,-1
281121025,2,,,away,,-2,-5,-2,-9
281121023,2,,,away,,-1,-3,1,1
281121009,2,,,away,,-5,1,-2,2
281121013,2,,,home,,2,1,4,2
281122019,2,,,away,,2,1,1,5
281122030,2,,,away,,-2,-2,1,-3
281122005,2,,,home,,-3,6,2,-1
281122014,2,,,home,,-1,-1,-1,-1
281122017,2,,,home,,-1,-1,-1,1
281122018,2,,,home,,-5,-1,-4,-3
281122003,2,,,home,,-5,-1,-10,1
281122029,2,,,away,,-4,1,-1,-1
281122021,2,,,home,,1,-1,2,-2
281123028,2,,,away,,5,-1,4,-1
281123020,2,,,home,,1,2,-1,1
281123008,2,,,away,,-5,1,-1,-1
281123007,2,,,home,,1,4,1,-1
281123013,2,,,home,,1,2,-1,3
281124019,2,,,home,,1,-1,2,-1
281124030,2,,,home,,-1,-3,2,-4
281124014,2,,,away,,3,1,2,1
281124029,2,,,away,,2,-1,1,-2
281124026,2,,,away,,-1,6,-1,1
281124022,2,,,home,,-1,4,-2,-1
281124012,2,,,away,,1,-3,2,-2
281125027,2,,,home,,-1,-2,-2,-5
281125018,2,,,away,,-1,1,1,1
281125025,2,,,away,,-1,-6,1,-11
281125006,2,,,home,,-2,1,-2,4
281125013,2,,,home,,2,3,2,4
281126001,2,,,home,,-1,2,-1,-1
281126005,2,,,home,,-6,7,-12,2
281126028,2,,,home,,-3,-2,1,-2
281126002,2,,,home,,-2,2,-3,5
281126020,2,,,away,,4,3,1,-1
281126008,2,,,home,,-2,-1,-1,-2
281126016,2,,,away,,1,-1,2,1
281126010,2,,,away,,-3,-1,-3,3
281126024,2,,,home,,1,1,1,2
281126026,2,,,home,,-3,-1,-3,-1
281126022,2,,,home,,1,5,-1,1
281126023,2,,,away,,-1,-4,-1,-3
281126012,2,,,away,,-1,-4,1,-3
281127027,2,,,away,,5,1,2,1
281127007,2,,,away,,2,5,3,2
281128028,2,,,home,,-4,1,1,1
281128002,2,,,home,,-2,3,-2,6
281128005,2,,,home,,-3,8,-4,3
281128008,2,,,home,,-2,1,-2,1
281128011,2,,,away,,-4,-1,-1,1
281128021,2,,,away,,-1,1,-2,3
281128025,2,,,away,,1,-7,-1,-13
281128024,2,,,home,,-4,2,-4,3
281128026,2,,,home,,-2,1,-4,1
281128022,2,,,home,,3,6,4,2
281128013,2,,,home,,3,4,5,5
281129019,2,,,home,,1,1,-1,3
281129027,2,,,away,,-5,-1,-1,-1
281129030,2,,,away,,6,1,7,1
281129018,2,,,home,,-4,-1,-5,-2
281129016,2,,,away,,1,-2,-1,1
281129029,2,,,away,,-7,-2,-14,-5
281129010,2,,,home,,3,-2,4,-1
281129015,2,,,away,,1,1,4,-3
281129026,2,,,away,,1,2,1,2
281129023,2,,,away,,-1,-5,-1,-5
281129012,2,,,home,,1,-5,1,-4
281130008,2,,,away,,-1,2,3,2
281130020,2,,,away,,-1,-1,-1,-3
281130007,2,,,home,,4,-1,1,1
281130021,2,,,away,,2,-1,2,-1
281130013,2,,,home,,1,5,2,6
281201030,2,,,home,,2,-1,-1,-1
281201002,2,,,home,,6,4,4,8
281201009,2,,,away,,-1,-1,-1,-6
281202011,2,,,home,,5,-2,7,-2
281202017,2,,,away,,-6,1,-2,3
281202018,2,,,away,,1,1,4,1
281202004,2,,,away,,-3,2,-4,1
281202006,2,,,home,,-2,2,1,1
281202024,2,,,away,,-2,3,-1,-1
281202007,2,,,home,,-1,1,-1,2
281202023,2,,,away,,1,-6,-1,-6
281203001,2,,,home,,-5,3,-6,1
281203005,2,,,home,,-3,9,-1,5
281203019,2,,,home,,-1,2,-2,-1
281203020,2,,,away,,-1,-2,-1,1
281203027,2,,,away,,2,-2,5,1
281203030,2,,,home,,1,1,1,1
281203002,2,,,home,,-1,5,1,9
281203003,2,,,home,,2,1,-2,-1
281203015,2,,,home,,1,-1,-1,-4
281203010,2,,,home,,-3,1,-1,-1
281203026,2,,,away,,1,-1,1,1
281204006,2,,,home,,-1,3,-3,2
281204007,2,,,away,,-1,2,-2,3
281205019,2,,,home,,-1,3,-1,1
281205027,2,,,away,,1,-3,1,-1
281205001,2,,,home,,-4,4,-2,2
281205005,2,,,home,,-2,10,-1,6
281205017,2,,,home,,-2,-1,-3,-1
281205002,2,,,home,,3,6,6,10
281205008,2,,,away,,1,-1,-1,1
281205029,2,,,home,,-4,-3,-2,-7
281205010,2,,,home,,-5,2,-7,1
281205015,2,,,home,,1,1,2,1
281205026,2,,,home,,-2,-2,-2,-1
281206030,2,,,away,,2,2,7,-1
281206014,2,,,home,,-2,-1,-2,2
281206020,2,,,away,,3,-3,1,1
281206003,2,,,home,,-6,2,1,1
281206016,2,,,away,,-5,-3,-3,-4
281206004,2,,,home,,1,-1,-2,-2
281206006,2,,,home,,1,4,3,3
281206024,2,,,home,,-6,-1,-8,1
281206021,2,,,home,,2,-2,1,-4
281206023,2,,,away,,2,-7,-1,-7
281207018,2,,,home,,1,-1,-1,-3
281207028,2,,,away,,-1,2,-1,-3
281207011,2,,,away,,7,1,11,-2
281207013,2,,,home,,-3,6,2,2
281208014,2,,,home,,-1,1,-2,3
281208025,2,,,away,,-7,-8,-9,-3
281208029,2,,,home,,-1,1,2,-1
281208012,2,,,away,,-1,1,2,1
281209005,2,,,home,,-3,11,-4,8
281209027,2,,,home,,-1,-4,-2,-3
281209016,2,,,away,,-1,-4,-1,-5
281209004,2,,,home,,-5,1,1,1
281209006,2,,,away,,1,5,2,4
281209010,2,,,home,,-1,3,-1,-1
281209021,2,,,home,,-4,1,-1,1
281209022,2,,,away,,1,7,3,1
281209023,2,,,home,,2,-8,3,-8
281210028,2,,,home,,-3,-1,-3,-5
281210017,2,,,away,,-6,1,-1,2
281210003,2,,,home,,-2,3,-3,2
281210020,2,,,away,,3,-4,9,-1
281210025,2,,,away,,-7,-9,1,-4
281210024,2,,,home,,-2,1,-2,3
281210007,2,,,home,,-3,-1,-6,1
281210009,2,,,home,,-5,-2,-2,1
281210013,2,,,home,,-2,7,2,-1
281211027,2,,,away,,8,1,12,1
281211006,2,,,home,,-3,-1,-4,-1
281211026,2,,,home,,1,1,-1,1
281212005,2,,,home,,2,12,-2,10
281212014,2,,,away,,-3,2,-3,4
281212017,2,,,away,,-4,-1,1,-1
281212002,2,,,home,,-1,7,3,13
281212008,2,,,home,,-4,-2,-4,-3
281212016,2,,,away,,2,-5,4,-7
281212029,2,,,home,,-1,2,2,2
281212021,2,,,home,,2,2,4,-1
281212022,2,,,away,,1,-1,-1,-2
281212009,2,,,away,,-2,1,1,2
281212013,2,,,home,,-3,8,1,1
281213001,2,,,home,,4,5,11,1
281213030,2,,,away,,-2,-1,1,-5
281213020,2,,,home,,-1,-5,-1,-3
281213004,2,,,home,,4,2,-2,-1
281213006,2,,,home,,-3,1,-5,1
281213015,2,,,home,,-5,2,-5,-3
281213007,2,,,home,,1,1,-1,2
281213026,2,,,away,,-1,2,-1,2
281213023,2,,,away,,1,1,1,-1
281213012,2,,,home,,1,-1,2,1
281214028,2,,,away,,-2,1,-1,2
281214029,2,,,home,,2,3,-1,3
281214024,2,,,home,,-4,2,-6,5
281214013,2,,,home,,-4,9,-8,2
281215001,2,,,home,,-4,6,-6,2
281215027,2,,,away,,-6,-1,-6,-2
281215028,2,,,away,,-1,-1,-3,-1
281215002,2,,,home,,1,8,-1,14
281215014,2,,,away,,-6,-1,1,-2
281215006,2,,,away,,3,2,3,2
281215021,2,,,home,,2,3,2,1
281215023,2,,,home,,-5,-1,-9,-2
281215009,2,,,away,,1,-1,1,-2
281216030,2,,,home,,-2,-2,1,-7
281216025,2,,,away,,2,-10,2,-7
281216029,2,,,away,,1,4,1,4
281216010,2,,,home,,4,4,4,-1
281216022,2,,,home,,-4,-2,1,-3
281216013,2,,,home,,-1,10,-1,3
281217001,2,,,away,,9,7,15,3
281217011,2,,,home,,-1,-1,-3,1
281217020,2,,,home,,1,1,2,1
281217028,2,,,away,,1,-2,-1,-2
281217008,2,,,home,,-2,1,-3,2
281217017,2,,,away,,-1,-2,-2,1
281217016,2,,,away,,-1,-6,-1,-10
281217004,2,,,home,,3,3,3,-1
281217003,2,,,home,,3,4,6,2
281218019,2,,,home,,-1,4,-1,2
281218022,2,,,home,,-3,1,2,1
281219011,2,,,away,,-1,1,-1,2
281219027,2,,,away,,-1,-2,2,-4
281219001,2,,,home,,-2,-1,-4,-1
281219002,2,,,home,,-3,9,1,16
281219017,2,,,home,,2,-3,1,-1
281219018,2,,,away,,-1,1,-1,-2
281219008,2,,,away,,1,2,1,3
281219014,2,,,home,,-1,-2,4,-3
281219025,2,,,home,,1,-11,-3,-8
281219029,2,,,away,,-5,-1,1,-1
281219010,2,,,home,,-5,5,-1,1
281219007,2,,,away,,1,2,1,-1
281220019,2,,,home,,-2,5,-1,3
281220030,2,,,away,,-3,1,-5,2
281220020,2,,,away,,1,2,-1,3
281220003,2,,,home,,-6,5,-2,3
281220016,2,,,away,,-1,-7,2,-11
281220017,2,,,away,,-1,1,1,1
281220004,2,,,home,,2,4,2,-1
281220015,2,,,home,,1,3,1,1
281220024,2,,,home,,-1,3,-4,-2
281220021,2,,,home,,-1,4,-2,-1
281221001,2,,,home,,1,1,-1,1
281221002,2,,,home,,-2,10,-3,17
281221027,2,,,away,,-1,-3,-1,-5
281221025,2,,,away,,2,1,2,1
281222019,2,,,home,,1,6,1,4
281222017,2,,,away,,1,-1,3,-1
281222029,2,,,away,,-3,-2,-2,-2
281222024,2,,,home,,-7,4,-3,1
281222007,2,,,home,,-1,-1,2,-3
281222012,2,,,away,,-2,1,-5,-1
281223001,2,,,home,,-5,2,-1,2
281223005,2,,,home,,2,13,4,3
281223011,2,,,away,,1,-1,-2,1
281223030,2,,,home,,-3,-1,-6,-1
281223002,2,,,home,,1,11,-1,18
281223014,2,,,home,,-1,1,-1,2
281223003,2,,,away,,1,6,1,4
281223008,2,,,home,,-4,-1,1,-2
281223015,2,,,home,,-1,4,-1,2
281223006,2,,,home,,1,-1,-3,1
281223024,2,,,home,,-6,5,-12,2
281223022,2,,,home,,-2,2,1,-1
281225019,2,,,home,,2,7,-1,5
281225021,2,,,away,,-2,5,3,1
281225013,2,,,home,,10,11,19,2
281225005,2,,,home,,-4,14,-7,4
281225022,2,,,away,,1,3,2,1
281226014,2,,,home,,-5,2,-1,3
281226017,2,,,away,,1,-2,1,1
281226018,2,,,away,,-7,-1,-13,-4
281226003,2,,,home,,-1,-1,-1,-2
281226008,2,,,home,,-6,1,-2,1
281226029,2,,,home,,2,-3,-1,-4
281226007,2,,,home,,-1,1,-2,-1
281226026,2,,,home,,2,-1,3,-2
281226023,2,,,away,,1,1,1,-4
281226009,2,,,home,,-1,-2,-1,-2
281227001,2,,,home,,-6,3,-2,3
281227027,2,,,home,,-7,-4,-3,-8
281227030,2,,,away,,2,1,-1,2
281227016,2,,,away,,2,-8,6,1
281227010,2,,,home,,-2,6,1,-2
281227015,2,,,away,,-1,5,2,3
281227024,2,,,home,,-1,6,1,4
281227022,2,,,home,,2,-1,2,-1
281228018,2,,,away,,-3,-2,1,-5
281228012,2,,,away,,-1,-1,-1,-2
281228005,2,,,home,,1,15,4,5
281228011,2,,,away,,-1,-2,1,-2
281228023,2,,,away,,-2,-1,-2,-5
281228013,2,,,home,,-2,12,1,3
281229001,2,,,home,,1,4,2,4
281229008,2,,,home,,3,2,7,3
281229017,2,,,away,,-7,-3,-3,1
281229016,2,,,home,,-2,-9,-1,-1
281229025,2,,,away,,-4,-1,-1,-4
281229010,2,,,away,,-5,7,1,1
281229026,2,,,home,,-2,1,-3,-1
281229009,2,,,home,,-1,1,-1,-1
281230011,2,,,away,,1,-3,5,-3
281230030,2,,,away,,-3,-1,-6,-1
281230014,2,,,home,,3,3,6,-1
281230003,2,,,home,,1,1,2,2
281230029,2,,,away,,1,1,1,-2
281230006,2,,,home,,1,1,1,1
281230024,2,,,away,,1,7,-1,5
281230022,2,,,home,,1,1,1,1
281230023,2,,,home,,-1,-2,-3,-6
281231004,2,,,away,,-1,5,-1,1
281231008,2,,,home,,3,3,-1,4
281231010,2,,,home,,2,-1,1,-1
281231028,2,,,away,,-1,-3,-1,-2
281231025,2,,,home,,-3,-2,1,-5
281231012,2,,,away,,-3,-2,-4,-4
