away_DREB,away_OREB,away_TO,home_DREB,home_OREB,home_TO,id
40,17,12,33,13,7,400578774
32,10,20,23,15,14,400578775
33,13,7,35,15,14,400578776
41,4,22,29,8,11,400578777
36,16,11,29,9,12,400578778
40,9,16,30,17,11,400578779
25,13,19,37,12,18,400578780
31,8,15,32,6,10,400578781
35,10,15,33,10,12,400578782
25,16,16,35,13,19,400578783
36,11,10,30,17,14,400578784
26,11,15,31,14,9,400578785
33,13,12,33,5,13,400578786
37,16,14,32,12,7,400578787
35,10,20,35,24,16,400578788
25,8,21,31,17,16,400578789
36,11,12,23,14,8,400578790
22,9,6,29,9,10,400578791
29,8,12,40,8,13,400578792
36,10,14,33,11,18,400578793
30,15,21,34,9,8,400578794
32,4,10,26,12,12,400578795
36,5,15,41,8,13,400578796
28,10,11,34,8,14,400578797
34,14,18,29,7,16,400578798
34,9,20,33,8,16,400578799
34,16,14,32,5,11,400578800
30,13,11,35,8,17,400578801
36,12,15,23,10,6,400578802
37,14,10,45,7,14,400578803
25,16,16,30,17,17,400578804
30,7,20,34,11,17,400578805
32,9,12,27,15,12,400578806
29,11,10,29,10,18,400578807
27,8,10,27,14,10,400578808
38,11,10,35,10,9,400578809
39,20,11,44,10,12,400578810
34,7,12,37,8,21,400578811
34,12,19,31,13,17,400578812
30,15,14,28,13,17,400578813
34,9,14,34,9,10,400578814
31,19,17,24,13,15,400578815
36,7,24,29,15,24,400578816
31,10,15,35,9,16,400578817
31,8,21,29,8,17,400578818
30,11,6,39,11,17,400578819
34,14,15,27,16,15,400578820
42,18,15,34,9,14,400578821
32,10,14,41,6,21,400578822
27,14,13,30,16,19,400578823
39,15,24,39,13,16,400578824
36,5,17,29,10,11,400578825
37,9,12,34,8,6,400578826
37,9,8,34,8,14,400578827
29,7,19,28,10,21,400578828
32,10,9,35,15,7,400578829
37,13,10,40,16,16,400578830
27,11,14,33,9,17,400578831
43,6,14,35,11,7,400578832
31,13,10,34,13,10,400578833
35,9,20,29,9,14,400578834
35,11,16,36,12,13,400578835
27,13,19,30,9,22,400578836
39,9,19,33,7,15,400578837
29,10,11,26,12,14,400578838
31,14,14,35,9,13,400578839
32,4,15,42,18,12,400578840
40,11,15,25,4,12,400578841
32,8,11,38,9,10,400578842
37,9,13,35,9,10,400578843
35,19,13,32,12,16,400578844
34,9,18,33,15,13,400578845
25,12,11,29,22,12,400578846
32,9,27,25,8,20,400578847
36,9,11,35,7,13,400578848
32,17,16,37,6,20,400578849
31,8,19,29,13,8,400578850
31,15,12,21,6,13,400578851
37,9,20,43,11,24,400578852
35,6,14,38,7,4,400578853
37,6,11,38,7,13,400578854
29,16,18,27,17,11,400578855
30,12,14,30,11,16,400578856
29,17,8,32,10,18,400578857
32,2,10,32,11,14,400578858
27,7,15,31,10,17,400578859
32,15,16,23,12,18,400578860
26,8,7,40,8,15,400578861
26,16,19,25,9,11,400578862
25,6,9,33,11,15,400578863
32,12,10,47,12,20,400578864
43,9,18,33,13,12,400578865
36,6,12,33,15,10,400578866
28,10,20,29,10,15,400578867
27,14,9,30,6,18,400578868
36,11,12,27,3,7,400578869
34,11,12,39,10,17,400578870
33,10,15,25,8,12,400578871
29,6,12,27,13,16,400578872
29,10,8,40,11,16,400578873
30,11,17,26,10,13,400578874
37,7,7,37,11,12,400578875
31,5,21,30,14,15,400578877
33,10,17,30,11,12,400578876
26,12,9,27,8,11,400578878
34,15,15,32,12,12,400578879
38,9,11,34,5,15,400578880
40,15,18,30,9,8,400578881
31,8,10,29,8,19,400578882
28,8,7,34,11,13,400578883
28,4,17,23,12,17,400578884
30,13,14,38,16,14,400578885
39,13,15,42,10,14,400578886
30,2,16,34,15,12,400578887
23,13,10,31,15,16,400578888
34,8,19,26,12,12,400578889
32,6,9,29,6,15,400578890
32,12,19,26,17,13,400578891
49,7,19,44,14,7,400578892
32,10,22,29,18,16,400578893
31,9,9,36,7,13,400578894
37,12,14,29,10,17,400578895
36,13,13,29,11,10,400578897
25,15,7,39,11,14,400578896
35,8,15,26,13,10,400578898
23,11,5,32,22,17,400578899
30,11,17,30,7,15,400578900
44,10,20,23,10,18,400578901
36,12,12,38,11,10,400578902
32,10,16,37,10,10,400578903
20,10,16,40,13,22,400578904
41,20,18,37,5,10,400578905
31,12,13,34,10,11,400578906
31,8,16,46,7,13,400578907
30,12,13,33,9,13,400578908
32,11,19,32,7,19,400578909
30,20,9,25,9,4,400578910
29,11,8,34,20,12,400578912
34,20,15,32,11,16,400578911
42,11,21,26,9,13,400578913
33,13,23,31,10,15,400578914
30,12,11,32,4,19,400578915
30,14,16,30,12,16,400578916
31,10,7,36,20,14,400578917
26,16,17,30,15,13,400578918
34,18,11,28,15,14,400578919
32,10,18,34,9,16,400578920
29,13,14,34,11,15,400578921
29,21,14,36,9,13,400578922
36,6,10,27,16,10,400578923
31,10,16,35,10,15,400578924
46,11,10,45,13,9,400578925
34,10,14,39,11,13,400578926
33,10,14,32,10,14,400578927
29,17,19,30,16,16,400578928
30,9,12,38,8,10,400578929
31,12,22,25,15,12,400578930
37,10,16,32,13,10,400578931
25,15,12,39,9,14,400578932
29,13,14,33,15,18,400578933
27,9,11,37,10,16,400578934
30,12,11,45,11,11,400578935
29,8,18,32,4,16,400578936
31,8,14,37,12,14,400578937
32,15,21,21,9,12,400578938
31,6,13,29,9,13,400578939
32,8,8,40,12,10,400578940
33,8,14,31,17,12,400578941
35,6,14,31,13,12,400578942
32,11,19,34,12,17,400578943
40,14,14,31,10,9,400578944
30,16,19,36,9,20,400578945
33,15,23,38,9,18,400578946
21,8,17,37,6,15,400578947
39,2,12,36,8,12,400578948
41,13,10,29,14,9,400578949
32,10,8,37,11,11,400578950
36,14,11,26,5,11,400578951
25,13,9,29,11,9,400578952
26,11,13,21,8,10,400578953
38,9,14,30,3,12,400578954
29,13,17,27,14,15,400578955
30,14,14,31,6,8,400578956
35,13,14,38,9,13,400578957
40,10,17,31,14,9,400578958
35,11,14,40,13,21,400578959
31,13,17,32,7,15,400578962
25,13,12,35,17,11,400578963
35,15,13,38,14,15,400578964
32,5,14,29,10,14,400578965
30,8,10,35,10,13,400578966
34,8,10,32,11,14,400578967
34,13,9,35,16,18,400578968
30,4,12,28,5,12,400578969
31,9,13,27,8,16,400578970
42,19,21,33,15,13,400578971
42,9,16,30,8,11,400578972
28,11,8,32,14,8,400578973
24,14,17,35,13,19,400578974
25,6,17,28,11,16,400578976
26,9,8,33,12,11,400578975
36,10,23,28,11,16,400578977
30,9,13,39,6,11,400578978
31,8,8,31,17,9,400578979
37,10,13,40,11,10,400578980
35,8,12,39,10,14,400578981
27,10,8,31,16,9,400578982
35,15,13,34,7,9,400578983
31,7,15,35,14,23,400578984
27,6,10,41,8,11,400578986
37,10,16,44,13,9,400578985
32,17,11,36,18,13,400578987
27,11,21,27,7,14,400578988
37,9,17,35,7,13,400578989
38,12,16,34,14,11,400578990
36,9,9,36,14,7,400578991
36,14,16,37,7,17,400578992
29,9,5,37,14,8,400578993
36,13,10,35,17,16,400578994
30,11,13,38,17,11,400578995
37,12,11,39,11,13,400578996
37,9,12,31,9,14,400578997
33,3,12,31,11,15,400578998
28,6,13,28,12,22,400578999
34,10,14,36,8,12,400579000
28,11,13,32,12,12,400579001
35,12,17,34,20,11,400579002
34,18,13,23,12,12,400579003
33,11,16,41,9,17,400579004
47,10,10,36,8,12,400579005
40,16,15,32,4,17,400579006
37,15,20,35,9,15,400579007
36,10,16,32,8,13,400579008
36,10,14,30,11,10,400579009
26,11,21,32,11,18,400579010
36,6,11,33,10,12,400579011
37,15,12,35,10,16,400579012
37,7,12,33,13,15,400579013
23,9,6,35,17,13,400579014
30,14,13,32,8,13,400579015
31,16,15,31,12,15,400579016
30,16,14,27,11,16,400579017
29,8,14,42,7,20,400579018
27,8,8,31,14,6,400579019
28,11,15,23,12,13,400579020
27,14,10,33,12,14,400579021
35,14,11,28,6,18,400579022
23,12,10,29,8,11,400579023
36,5,12,37,9,14,400579024
34,14,15,32,19,13,400579025
29,10,8,29,9,9,400579026
42,18,12,36,11,6,400579027
35,18,16,30,5,11,400579028
32,15,18,29,3,14,400579029
36,12,14,29,19,10,400579030
34,5,12,35,6,11,400579031
27,11,9,31,9,12,400579032
28,14,8,36,10,13,400579033
28,9,12,38,12,14,400579034
29,14,12,38,14,18,400579035
40,8,9,42,7,17,400579036
31,11,16,44,13,14,400579037
27,13,5,37,10,14,400579038
28,15,15,32,9,8,400579039
28,15,14,38,10,18,400579040
23,7,8,32,10,11,400579044
32,19,14,34,4,13,400579041
33,11,17,42,11,10,400579042
32,11,13,40,11,16,400579043
30,11,13,32,10,17,400579045
28,2,18,31,12,16,400579046
35,11,17,30,10,13,400579047
37,6,14,34,10,11,400579048
27,10,16,29,14,16,400579049
37,8,11,26,12,11,400579050
25,13,15,35,16,14,400579051
36,12,14,29,15,13,400579052
38,5,12,42,5,15,400579053
41,17,22,35,20,15,400579054
33,11,11,34,6,12,400579055
26,14,12,29,14,9,400579056
21,8,13,38,16,11,400579057
27,19,7,40,6,14,400579058
34,3,14,38,17,11,400579059
32,8,12,31,4,10,400579060
31,9,15,23,12,15,400579061
28,7,15,32,13,16,400579062
35,4,11,25,15,11,400579063
32,20,14,42,6,14,400579064
32,11,10,39,4,15,400579065
34,8,7,39,11,12,400579066
34,6,14,42,10,27,400579067
25,8,11,40,13,20,400579068
24,11,13,28,7,12,400579069
30,8,15,30,14,9,400579070
26,10,10,27,23,16,400579071
26,21,10,25,15,15,400579072
36,17,6,33,14,12,400579073
31,9,12,26,12,10,400579074
38,10,8,28,10,11,400579075
32,15,13,26,13,14,400579076
32,13,13,28,5,7,400579077
32,14,20,33,12,12,400579078
31,4,7,29,14,10,400579079
31,8,12,37,7,16,400579080
39,5,12,40,16,10,400579081
31,14,10,26,10,10,400579082
35,15,16,28,9,13,400579083
32,16,18,35,10,14,400579084
39,10,15,39,11,12,400579085
30,7,13,25,7,13,400579086
31,11,13,38,11,13,400579087
24,12,14,33,10,15,400579088
38,14,18,31,7,11,400579089
34,14,10,37,15,10,400579090
27,14,17,37,12,15,400579091
33,10,16,34,13,8,400579092
46,24,21,38,17,18,400606285
25,14,17,41,21,22,400579093
33,5,16,33,10,12,400579094
33,7,11,33,9,9,400579095
35,9,15,32,15,17,400579096
37,15,13,35,17,22,400579097
30,13,20,31,11,10,400579098
39,11,21,25,7,20,400579099
31,17,13,34,17,14,400579100
32,10,10,31,12,17,400579101
33,14,21,38,12,17,400579102
31,14,15,39,7,16,400579103
34,3,13,35,13,8,400579104
21,19,11,40,17,24,400579105
34,10,16,33,7,12,400579106
33,13,11,32,14,10,400579107
40,19,14,30,11,9,400579108
30,11,12,32,13,17,400579109
28,8,13,33,14,17,400579110
32,7,23,41,11,23,400579111
41,14,17,43,11,11,400579112
40,7,15,31,19,11,400579113
27,16,20,30,8,24,400579114
32,11,12,34,17,12,400579115
32,13,9,39,7,15,400579116
30,11,21,26,12,15,400579117
26,16,12,45,15,18,400579118
34,13,14,43,6,15,400579119
36,8,6,38,8,15,400579120
35,13,16,40,6,17,400579121
24,9,12,34,11,16,400579122
29,12,10,44,18,18,400579123
38,20,20,34,22,16,400579124
24,16,8,36,12,17,400579125
43,14,10,30,19,13,400579126
33,9,15,35,15,17,400579127
32,12,22,38,11,13,400579128
34,8,10,35,5,13,400579129
25,4,9,36,9,26,400579130
36,4,14,35,11,13,400579131
39,9,13,42,15,10,400579132
30,7,18,32,8,19,400579133
34,8,12,38,12,18,400579134
31,13,15,31,10,11,400579135
32,9,13,38,8,13,400579136
33,12,9,34,9,12,400579137
37,12,15,34,12,9,400579138
26,12,28,31,12,22,400579139
33,10,19,43,10,16,400579140
29,8,12,37,6,20,400579141
42,23,19,30,10,15,400579142
28,14,9,34,13,20,400579143
24,14,17,34,13,20,400579144
27,10,13,33,12,13,400579145
30,14,14,43,8,16,400579146
37,13,10,42,10,13,400579147
35,14,15,40,8,8,400579148
38,13,13,41,12,15,400579149
30,10,17,31,11,18,400579150
40,8,16,33,14,8,400579151
40,18,10,38,16,15,400579152
38,9,12,34,8,19,400579153
35,10,11,31,22,9,400579154
32,12,16,33,8,13,400579155
38,9,11,30,11,14,400579156
25,6,6,30,7,10,400579157
35,8,20,20,16,15,400579158
32,10,5,40,7,17,400579159
36,13,11,41,9,12,400579160
34,13,11,31,12,9,400579161
31,9,17,31,12,12,400579162
29,8,18,33,14,23,400579163
30,10,12,36,8,11,400579164
37,6,24,19,16,12,400579165
36,12,14,29,8,12,400579166
46,10,14,34,8,18,400579167
31,8,23,33,13,22,400579168
42,13,8,34,17,11,400579169
31,22,15,28,8,19,400579175
32,11,17,26,7,12,400579171
40,15,10,39,21,8,400579172
37,10,16,40,13,12,400579173
40,7,16,34,10,11,400579174
39,16,9,40,9,9,400579170
35,9,16,28,16,11,400579176
26,10,9,26,10,15,400579177
33,17,15,27,11,13,400579178
29,14,19,33,12,14,400579179
34,9,11,39,8,11,400579180
27,10,13,29,9,5,400579181
35,6,11,37,5,11,400579182
31,11,14,40,12,11,400579183
38,8,14,29,9,15,400755860
33,8,12,40,9,15,400579184
29,10,11,37,10,16,400579185
41,14,15,26,11,11,400579186
33,8,14,35,8,13,400579187
34,11,19,32,8,11,400579188
25,9,19,33,9,20,400579189
40,11,13,27,12,3,400579190
37,12,11,26,12,9,400579191
26,9,9,27,7,8,400579192
31,7,9,28,12,12,400579193
37,14,13,31,12,12,400579194
36,16,18,31,15,14,400579195
42,16,17,45,9,14,400579196
35,7,14,42,13,15,400579197
27,8,17,36,8,17,400579198
31,16,23,30,4,16,400579199
51,10,15,42,9,9,400579200
33,8,9,36,12,10,400579201
35,6,13,48,8,16,400579202
27,5,5,45,11,15,400579203
30,14,11,36,15,11,400579204
24,19,14,29,8,10,400579205
37,12,18,30,13,13,400579206
29,8,14,33,10,15,400579212
27,10,17,27,11,12,400579207
39,12,15,39,18,20,400579208
31,19,12,42,13,19,400579209
39,5,9,35,7,8,400579210
30,7,11,36,9,18,400579211
30,8,13,33,3,9,400579213
31,3,11,42,9,22,400579214
31,8,14,34,7,18,400579215
30,13,10,34,12,14,400579216
34,12,20,30,4,13,400579217
33,12,11,28,13,12,400579218
37,5,19,38,17,16,400579219
27,9,10,35,10,6,400579220
35,14,17,34,10,16,400579221
37,11,22,32,12,18,400579222
37,7,20,27,8,7,400579223
30,9,18,30,7,13,400579224
31,12,16,23,7,14,400579225
35,4,9,29,13,10,400579226
30,18,14,38,18,15,400579227
21,12,8,36,13,18,400579228
27,6,7,32,15,16,400579229
41,8,13,29,8,15,400579230
24,16,16,23,10,13,400579231
27,16,9,27,5,13,400579232
33,7,11,35,9,15,400579233
24,10,17,17,8,14,400579234
37,8,14,37,11,6,400579235
39,9,18,31,6,18,400579236
38,12,15,33,9,15,400579237
26,19,10,38,11,13,400579238
33,8,10,29,12,12,400579239
38,12,12,27,15,16,400579240
28,18,9,32,13,11,400579241
30,8,12,34,6,11,400579242
30,12,12,36,10,11,400579243
36,7,12,34,10,11,400579244
50,8,18,38,17,10,400579245
31,10,21,24,12,16,400579246
30,14,21,28,11,10,400579247
24,9,14,40,11,22,400579248
27,11,12,28,11,20,400579249
24,8,17,33,11,19,400579250
22,12,10,29,16,16,400579251
30,19,13,32,10,17,400579252
28,12,11,44,16,19,400579253
36,12,15,42,6,20,400579254
27,14,21,32,10,13,400579255
29,8,9,35,22,12,400579257
26,11,12,32,9,13,400579256
29,4,8,36,15,13,400579258
32,4,10,38,17,12,400579259
34,16,17,32,14,15,400579260
40,10,19,37,10,16,400579261
37,7,20,34,9,17,400579262
29,13,20,29,19,16,400579263
21,11,15,31,12,15,400579264
26,9,8,39,13,13,400579265
31,7,11,34,11,18,400579266
25,11,6,36,7,10,400579267
38,9,11,33,9,14,400579268
25,11,16,32,9,13,400579269
38,7,16,36,12,16,400579270
29,8,15,28,8,14,400579271
28,16,12,35,10,15,400579272
31,20,15,34,8,9,400579273
24,9,11,35,17,16,400579274
32,11,12,42,8,20,400579275
40,12,11,43,15,18,400579276
31,3,16,27,17,13,400579277
29,11,15,36,6,14,400579278
30,7,10,33,9,15,400579279
29,6,13,38,13,12,400579280
27,7,10,35,19,21,400579281
44,7,11,32,4,4,400579282
34,14,10,37,6,6,400579283
31,9,16,37,5,11,400579284
27,10,15,37,20,19,400579285
30,13,14,23,13,16,400579286
25,7,14,39,6,15,400579287
42,17,21,29,8,12,400579288
30,6,7,47,14,13,400579289
30,9,12,36,9,20,400579290
35,10,18,30,7,14,400579291
31,11,16,29,9,9,400579292
34,15,11,35,15,11,400579293
28,12,10,35,12,14,400579294
40,9,10,40,10,13,400579295
34,9,13,37,7,12,400579296
24,8,11,32,11,11,400579297
33,18,18,30,12,15,400579298
32,13,15,27,8,8,400579299
33,12,18,31,8,12,400579300
33,5,9,43,9,12,400579301
31,3,8,32,11,12,400579302
28,11,20,28,18,16,400579303
30,11,18,32,8,20,400579304
28,8,11,35,9,10,400579305
29,15,15,34,10,18,400579306
35,6,21,22,14,9,400579307
32,11,16,37,12,15,400579308
36,6,15,39,10,16,400579309
36,9,9,43,14,12,400579310
34,2,14,34,9,14,400579311
33,11,13,32,18,7,400579312
30,7,18,34,15,11,400579313
43,38,17,37,16,15,400579314
33,9,8,34,11,9,400579315
25,10,16,34,10,16,400579316
24,12,6,34,13,12,400579317
27,7,11,34,10,12,400579318
32,6,15,32,9,17,400579319
33,14,15,38,7,13,400579320
29,7,13,37,11,21,400579321
33,9,20,30,12,10,400579322
28,8,9,38,8,14,400579323
32,3,8,28,11,9,400579324
37,8,11,38,6,4,400579325
35,14,14,32,4,18,400579326
39,5,17,34,11,10,400579327
27,8,15,30,7,10,400579328
27,9,13,33,6,23,400579329
28,13,18,30,21,17,400579330
33,10,16,23,6,18,400579331
32,9,18,26,16,10,400579332
26,12,11,36,8,16,400579333
28,16,16,30,4,16,400579334
45,11,14,41,18,13,400579335
31,18,13,29,11,18,400579336
29,13,7,29,3,13,400579337
25,15,12,40,9,19,400579338
26,13,8,39,13,13,400579339
31,4,19,24,16,18,400579340
39,8,9,32,16,11,400579341
30,9,10,29,8,17,400579342
40,11,10,40,6,6,400579343
26,11,19,25,21,17,400579344
33,5,11,43,19,11,400579345
31,12,12,22,20,7,400579346
26,8,18,33,20,20,400579347
20,8,10,36,13,16,400579348
34,9,16,39,10,16,400579349
37,7,20,30,20,10,400579350
40,6,13,23,12,10,400579351
41,5,9,41,10,11,400579352
33,6,15,27,7,20,400579353
33,12,13,32,10,17,400579354
34,9,10,40,6,10,400579355
29,2,8,25,10,7,400579357
30,8,16,33,10,16,400579356
38,11,18,23,9,8,400579358
34,14,16,31,9,17,400579359
31,12,18,25,12,13,400579360
36,13,16,36,13,16,400579361
34,11,14,32,11,9,400579362
27,10,10,38,11,10,400579363
35,8,19,32,14,18,400579364
29,12,19,24,6,16,400579365
29,12,5,32,8,16,400579366
48,8,16,32,8,13,400579367
51,10,11,55,17,16,400579368
30,11,18,33,5,16,400579369
34,6,16,36,10,15,400579370
35,9,16,27,9,12,400579371
30,16,12,32,8,10,400579372
25,6,13,28,13,17,400579373
29,14,14,32,8,19,400579374
27,10,11,35,12,12,400579375
32,15,18,37,13,14,400579376
28,14,13,33,8,17,400579377
39,15,13,37,11,13,400579378
29,7,10,35,7,8,400579379
26,9,13,39,12,12,400579380
38,7,22,27,15,15,400579381
38,10,23,26,16,11,400579382
28,11,11,37,8,16,400579383
37,16,19,32,11,17,400579389
34,9,11,37,6,8,400579385
27,12,21,28,7,14,400579386
34,11,13,35,18,17,400579384
40,13,12,31,9,10,400579387
24,13,11,32,14,10,400579388
31,3,10,38,10,8,400579390
32,9,12,39,4,15,400579391
37,11,15,32,8,18,400579392
29,13,7,30,10,10,400579393
33,12,17,31,20,15,400579394
26,13,11,30,12,11,400579395
29,12,13,36,12,15,400579396
29,12,12,31,14,13,400579397
33,14,12,24,10,12,400579398
30,8,12,38,9,14,400579399
31,6,10,35,6,7,400579400
31,12,17,29,9,11,400579401
30,8,19,23,10,18,400579402
33,10,9,31,10,11,400579403
37,14,12,42,13,9,400579404
38,11,10,36,14,12,400579405
23,11,11,38,9,16,400579406
31,8,12,39,7,10,400579407
30,7,10,30,10,13,400579408
37,20,21,28,14,17,400579409
28,12,20,28,20,18,400579410
26,8,12,25,7,13,400579411
30,4,6,31,15,10,400579412
28,11,6,37,12,14,400579413
33,7,6,30,13,8,400579414
31,9,6,23,12,5,400579415
28,8,16,33,10,14,400579416
38,17,18,32,9,13,400579417
38,9,11,35,15,13,400579418
32,10,18,40,15,20,400579419
33,9,11,36,12,11,400579420
36,9,18,32,9,16,400579421
27,13,14,24,17,8,400579422
31,11,18,25,19,10,400579423
36,11,12,37,8,13,400579424
33,20,19,27,3,20,400579425
23,11,18,31,14,18,400579426
34,16,12,32,6,9,400579427
47,6,8,37,6,11,400579428
29,11,15,31,13,11,400579429
27,12,21,27,7,12,400579430
26,11,14,25,8,16,400579431
32,12,15,37,9,16,400579432
34,6,15,32,9,15,400579433
38,17,14,34,10,16,400579434
33,12,12,31,14,13,400579435
34,13,12,29,15,15,400579436
34,13,18,26,6,15,400579437
26,9,9,33,18,10,400579438
30,12,10,34,17,18,400579439
36,9,16,30,10,10,400579440
30,7,14,35,20,11,400579441
29,10,10,41,6,12,400579442
17,19,10,34,15,18,400579443
33,14,18,32,11,20,400579444
33,7,10,27,14,17,400579445
39,11,12,34,12,6,400755861
28,9,15,46,8,15,400579446
30,15,9,34,8,11,400579447
39,11,11,37,8,12,400579448
34,12,15,28,11,15,400579449
27,9,10,36,13,14,400579450
35,8,11,40,6,8,400579451
38,9,9,26,9,8,400579452
29,12,15,31,13,15,400579453
39,6,14,19,17,8,400579454
27,10,11,30,11,19,400579456
30,10,11,33,14,12,400579455
43,11,17,25,9,11,400579457
27,12,12,38,14,8,400579458
33,11,18,25,7,12,400579459
31,8,13,34,13,9,400579460
30,9,14,34,11,9,400579461
24,7,9,34,13,16,400579462
29,8,12,32,15,8,400579463
25,10,11,41,12,15,400579464
36,15,11,33,13,14,400579465
30,11,9,35,9,13,400579466
29,17,15,32,14,16,400579467
34,12,13,35,9,13,400579468
33,17,17,32,12,6,400579469
32,11,14,30,12,20,400579470
33,9,10,30,15,11,400579471
28,5,17,37,5,24,400579472
27,13,15,30,9,20,400579473
33,10,10,41,15,11,400579474
36,14,16,31,16,6,400579475
38,11,17,34,27,15,400579476
29,7,11,30,9,15,400579477
30,9,12,32,14,12,400579478
35,11,15,38,11,13,400579479
32,15,7,33,14,7,400579480
33,14,15,35,13,10,400579481
32,11,18,31,12,13,400579482
33,15,16,30,9,12,400579483
32,8,15,37,13,12,400579484
33,16,21,40,7,17,400579485
33,11,24,32,6,7,400579486
27,6,9,44,12,14,400579487
26,6,20,32,10,18,400579488
28,15,8,43,9,12,400579489
31,7,11,37,14,19,400579490
26,13,10,31,9,11,400579491
28,13,10,37,6,15,400579492
35,7,12,31,6,12,400579493
39,10,10,36,7,15,400579494
23,8,7,32,13,10,400579495
27,12,18,26,14,29,400579496
30,9,17,25,12,8,400579497
37,9,7,30,12,10,400579498
30,11,8,39,11,13,400579499
29,10,9,35,8,11,400579500
32,3,12,40,18,8,400579501
29,12,16,36,12,14,400579502
32,17,11,36,5,10,400579503
26,18,15,33,6,21,400579504
33,25,11,34,13,13,400579505
36,7,18,33,17,14,400579506
46,13,11,42,14,13,400579507
33,11,12,28,11,15,400579508
28,8,12,27,5,11,400579520
32,10,15,43,7,21,400579509
33,12,19,42,12,14,400579510
30,14,14,45,4,18,400579511
30,8,16,32,16,17,400579513
28,18,13,25,14,16,400579514
32,4,15,28,7,9,400579515
32,10,17,33,7,12,400579516
35,15,13,33,11,16,400579517
33,11,12,28,12,20,400579518
30,12,16,32,13,16,400579519
23,13,12,32,16,12,400579512
31,9,21,27,14,13,400579521
36,6,10,30,16,14,400579522
42,19,10,38,10,12,400790928
34,10,14,37,10,15,400790901
28,13,13,42,10,19,400790919
35,14,17,36,8,13,400790914
27,7,14,31,15,12,400790905
35,12,17,33,6,14,400790921
40,16,13,40,8,8,400790953
32,17,14,40,6,13,400790945
39,9,4,50,14,13,400790943
31,10,13,35,14,13,400790902
26,13,11,35,12,18,400790907
35,10,15,23,5,10,400790929
32,14,8,36,13,11,400790916
41,8,16,33,8,8,400790922
31,11,13,29,12,5,400790955
38,10,9,39,16,11,400790947
34,11,11,36,9,15,400790909
38,12,16,33,17,12,400790944
29,22,10,34,13,14,400790903
29,17,14,29,14,10,400790917
31,10,9,38,7,17,400790930
28,10,14,40,7,13,400790950
37,14,15,40,12,15,400790923
34,5,26,22,12,13,400790946
29,10,10,26,10,11,400790904
32,6,6,30,5,8,400790956
40,10,8,34,11,14,400790911
37,6,9,33,11,8,400790952
27,10,16,34,8,12,400790931
31,7,10,36,16,15,400790918
37,18,16,29,11,9,400790924
35,13,17,28,17,12,400790948
33,7,9,37,13,9,400790958
37,10,18,42,11,21,400790920
35,12,16,35,11,12,400790954
30,5,12,35,8,11,400790925
33,5,13,41,15,10,400790960
40,10,12,32,9,18,400790949
33,10,10,32,12,13,400790957
39,6,11,35,9,15,400790926
33,13,10,36,7,12,400790959
39,15,6,36,16,11,400793781
30,7,15,32,7,15,400792888
31,11,10,28,11,9,400793121
33,9,21,29,6,23,400793861
33,7,16,33,11,10,400793782
31,8,13,36,9,20,400792889
26,11,12,31,14,8,400793122
34,6,11,39,15,14,400793862
30,9,11,36,18,7,400793123
27,16,15,38,12,18,400793863
30,8,10,34,9,13,400793783
29,10,17,33,11,14,400792890
38,6,15,29,11,8,400793124
37,10,18,41,10,10,400793864
27,10,13,31,10,16,400793784
35,10,21,32,17,16,400792891
28,12,8,30,11,11,400793125
26,13,7,43,15,11,400793865
33,13,19,37,13,23,400793785
30,13,16,30,14,16,400792892
37,16,11,23,9,7,400793126
45,15,9,37,4,8,400793866
35,12,15,37,18,11,400793786
40,7,12,31,12,3,400792893
33,15,18,36,4,16,400793867
33,14,15,29,14,12,400796355
37,12,12,30,7,12,400796266
28,11,10,32,7,16,400796356
36,11,12,32,7,11,400796267
43,17,13,30,9,15,400796357
36,6,7,37,19,13,400796268
37,10,15,42,4,16,400796358
32,7,7,43,13,10,400796269
29,10,20,40,19,16,400796359
32,13,11,37,11,12,400796845
41,14,13,35,10,18,400796846
28,18,14,37,6,14,400796847
38,6,7,33,16,9,400796848
27,10,10,32,11,16,400796849
32,7,9,40,16,16,400796850
43,14,23,30,9,13,400830080
34,7,13,33,12,12,400830123
36,19,11,44,18,19,400830230
45,7,16,39,9,14,400830073
28,5,24,39,9,19,400830081
48,12,14,34,14,13,400830086
30,10,18,27,13,11,400830232
36,14,23,33,19,23,400830094
33,15,14,33,4,17,400830228
33,8,14,29,10,21,400832210
36,6,23,38,9,14,400830052
28,18,13,30,11,19,400833044
34,8,19,35,24,15,400830058
35,16,17,39,8,23,400830099
39,13,22,31,11,21,400830108
32,13,22,27,14,19,400830087
37,9,17,32,7,17,400830066
22,8,19,28,11,20,400830074
27,12,21,35,13,20,400833756
31,14,17,16,11,15,400830113
32,7,8,45,18,12,400833759
35,11,21,38,17,20,400830095
37,14,15,37,12,26,400832031
32,8,22,27,15,18,400830053
39,11,13,39,7,8,400830124
31,6,20,32,11,21,400830233
27,10,17,36,10,23,400830100
36,23,22,33,9,12,400830059
27,12,12,26,11,10,400830088
30,8,19,36,11,22,400830096
30,8,18,36,12,16,400830234
43,5,16,38,6,13,400830067
42,11,18,30,9,12,400833755
25,15,19,35,8,15,400830114
32,11,19,32,12,9,400830237
38,7,17,39,10,15,400830054
36,8,14,29,9,13,400830060
32,10,9,28,10,21,400833045
38,12,21,32,9,13,400830097
34,6,14,42,6,14,400830082
27,15,19,33,7,10,400833758
28,14,16,28,15,14,400830125
16,10,14,43,18,22,400830089
32,7,19,27,2,17,400830101
33,15,20,39,7,23,400830055
33,11,13,36,13,13,400830075
28,10,12,36,9,16,400830120
31,9,7,38,14,14,400830061
44,6,14,38,9,14,400830235
44,13,17,40,13,14,400830076
39,13,15,31,8,13,400830927
33,20,18,30,10,12,400833047
32,6,17,43,11,21,400830115
32,11,10,30,13,13,400830090
36,17,23,35,10,26,400833052
40,8,15,32,11,14,400830109
49,6,17,34,6,22,400830083
26,6,18,22,7,22,400830122
33,7,14,33,11,15,400830047
33,7,10,23,18,11,400830062
39,11,18,45,3,16,400830068
37,11,16,30,4,23,400830928
33,22,19,38,5,17,400834298
34,6,23,30,15,27,400830056
46,11,18,34,18,7,400830048
31,10,18,40,12,18,400830102
40,9,15,41,8,18,400830069
32,8,15,43,19,18,400830110
37,9,17,31,8,17,400830126
38,11,14,38,7,18,400830098
35,3,8,40,10,14,400833753
37,9,21,29,17,16,400830077
34,14,14,36,12,14,400833757
25,12,12,29,7,5,400830091
38,9,20,36,6,20,400830057
30,7,12,38,6,20,400830105
28,11,22,30,11,17,400830103
38,8,20,33,8,11,400830229
29,15,13,36,8,22,400830070
23,11,12,35,14,16,400830111
31,15,7,41,16,19,400830236
43,13,12,38,7,11,400830063
38,7,18,37,14,11,400830929
26,11,22,27,12,23,400830049
31,12,17,35,13,16,400830231
35,10,12,38,10,13,400830092
35,12,6,44,8,14,400830064
27,8,16,41,12,24,400830117
34,9,19,24,9,19,400830106
34,8,21,22,5,11,400830116
33,9,23,37,7,17,400830084
40,5,22,41,15,18,400830227
41,6,15,38,9,11,400833048
41,13,14,42,9,15,400830071
42,12,18,39,10,9,400830078
35,12,16,35,16,20,400833053
37,10,9,42,10,9,400833754
35,10,15,40,14,13,400830050
32,9,15,39,3,16,400830112
43,14,18,27,7,22,400830093
29,7,17,38,8,24,400830085
34,14,19,35,16,17,400830104
45,9,23,49,18,17,400830051
28,10,21,31,10,14,400830072
34,10,16,36,18,11,400830119
43,7,12,44,8,12,400830065
38,7,16,33,11,14,400830079
35,8,13,31,9,13,400830121
33,8,13,39,7,11,400830107
36,23,15,33,7,15,400827888
39,11,10,40,7,13,400827889
25,8,18,35,21,20,400827890
34,15,17,39,17,14,400827891
32,14,22,31,10,17,400827892
34,5,19,29,16,13,400827893
34,4,12,35,8,10,400827894
32,11,8,39,2,13,400827895
32,8,13,41,9,20,400827896
40,9,21,29,15,16,400827897
42,12,19,29,11,16,400827898
30,19,11,29,18,18,400827899
29,7,13,34,11,19,400827900
42,6,8,40,13,18,400827901
34,5,11,45,6,12,400827902
36,6,15,37,12,16,400827903
33,6,8,36,12,13,400827904
30,12,14,28,10,20,400827905
32,7,15,32,16,21,400827906
41,14,12,45,8,8,400827907
32,6,13,35,14,11,400827908
40,22,20,35,14,16,400827909
38,13,7,31,8,18,400827910
44,9,21,31,7,17,400827911
42,8,19,41,20,14,400827912
41,13,18,37,8,15,400827913
29,8,21,26,6,16,400827914
30,2,15,44,12,18,400827915
42,7,17,34,17,14,400827916
36,11,8,37,12,16,400827917
29,8,19,40,16,14,400827918
31,11,23,44,11,19,400827919
32,15,17,27,7,24,400827920
31,9,18,32,11,17,400827921
35,3,10,32,16,15,400827922
35,8,12,31,11,9,400827923
37,11,13,35,10,16,400827924
30,19,13,35,6,17,400827925
39,9,11,36,9,11,400827926
41,10,18,29,16,16,400827927
31,3,17,37,11,12,400827928
26,7,18,28,18,13,400827929
31,12,16,36,11,13,400827930
21,14,13,37,13,19,400827931
41,8,11,34,8,12,400827932
36,7,16,28,9,13,400827933
28,8,14,25,10,18,400827934
37,8,13,32,17,10,400827935
41,14,24,27,7,12,400827936
35,11,16,33,8,15,400827937
33,11,11,55,10,14,400827938
39,16,9,43,3,11,400827939
29,4,12,40,12,9,400827940
30,12,15,31,19,23,400827941
35,16,15,36,13,18,400827942
45,10,18,36,10,14,400827943
37,10,16,30,14,15,400827944
38,12,16,27,8,13,400827945
38,11,14,29,11,10,400827946
34,15,19,32,21,14,400827947
40,9,20,29,4,10,400827948
29,14,19,28,6,13,400827949
31,9,12,39,9,11,400827950
29,9,14,32,16,19,400827951
39,12,18,28,8,10,400827952
33,12,14,30,11,19,400827953
26,7,17,32,9,18,400827954
35,13,19,24,16,9,400827955
31,10,11,33,9,12,400827956
35,9,9,36,11,6,400827957
35,7,16,34,10,16,400827958
40,8,11,36,8,13,400827959
31,12,10,34,11,13,400827960
29,7,8,33,14,8,400827961
29,15,9,34,6,12,400827962
35,10,24,38,15,17,400827963
35,5,15,32,14,15,400827964
31,7,16,34,11,17,400827965
28,13,12,29,14,15,400827966
33,7,11,34,9,12,400827967
35,6,15,26,6,12,400827968
41,6,15,35,11,16,400827969
34,10,19,40,13,20,400827970
35,14,21,29,14,15,400827971
44,14,15,40,10,18,400827972
31,10,13,28,10,16,400827974
33,8,24,29,10,14,400827973
35,7,12,36,6,9,400827975
35,17,18,31,10,15,400827976
27,6,15,36,6,12,400827977
31,13,14,40,9,21,400827978
31,15,18,32,13,21,400827979
36,11,14,30,11,12,400827980
35,12,7,37,11,10,400827981
34,12,9,42,10,9,400827982
31,7,16,35,13,10,400827983
26,7,23,35,17,15,400827984
28,18,9,33,7,22,400827985
37,7,21,36,6,18,400827986
45,13,14,37,15,13,400827987
32,8,19,23,4,17,400827988
29,10,9,39,8,14,400827989
38,8,16,31,11,19,400827990
29,12,20,28,13,16,400827991
30,10,14,32,8,18,400827992
24,13,16,24,11,16,400827993
43,10,12,29,12,8,400827994
31,5,17,32,15,10,400827995
31,13,9,35,14,11,400827996
31,14,12,32,9,17,400827997
30,4,16,38,10,22,400827998
36,8,13,39,9,11,400827999
41,11,16,26,7,5,400828000
36,7,13,31,23,8,400828001
39,17,8,26,11,11,400828002
31,10,18,28,8,18,400828003
32,8,19,36,8,12,400828004
28,13,10,36,8,13,400828005
40,20,11,32,13,7,400828006
29,7,23,31,10,21,400828007
25,8,16,22,14,14,400828008
31,14,16,39,7,18,400828009
34,8,11,26,10,9,400828010
31,11,10,39,8,15,400828011
27,6,11,32,15,13,400828012
25,12,14,37,9,19,400828013
31,8,15,28,12,11,400828014
29,12,17,35,10,20,400828015
30,5,16,33,17,10,400828016
37,12,12,36,10,14,400828017
28,10,14,35,13,15,400828018
36,9,6,47,10,11,400828019
33,10,22,21,14,8,400828020
31,12,17,39,16,13,400828021
42,15,20,41,7,15,400828022
32,8,20,34,12,18,400828023
35,9,15,35,15,14,400828024
31,11,15,31,11,13,400828025
39,6,12,42,7,11,400828026
37,8,11,31,12,12,400828027
40,14,20,36,15,12,400828028
35,6,15,42,12,13,400828029
33,9,10,47,10,20,400828030
39,11,12,39,11,14,400828031
32,4,18,31,10,9,400828032
30,4,15,24,9,12,400828033
30,16,12,30,7,11,400828034
30,10,17,25,8,15,400828035
35,12,18,24,10,18,400828036
29,7,15,33,9,19,400828037
34,12,10,39,7,16,400828038
33,6,19,38,8,27,400828039
39,11,12,38,10,8,400828040
33,16,19,32,14,22,400828041
32,12,19,22,12,10,400828042
35,4,12,35,12,6,400828043
30,7,16,32,18,10,400828044
28,6,19,36,6,12,400828045
36,8,20,35,9,11,400828046
37,3,14,37,11,13,400828047
39,15,8,41,10,22,400828048
34,8,7,35,10,10,400828049
32,11,13,25,8,9,400828050
28,12,18,25,9,20,400828051
32,5,9,40,9,15,400828052
46,11,14,34,20,9,400828053
32,16,18,36,7,29,400828054
32,7,17,29,14,14,400828055
39,13,20,33,12,11,400828056
38,10,19,38,13,17,400828057
30,10,11,34,16,14,400828058
33,17,6,40,10,10,400828059
28,9,14,34,7,17,400828060
36,11,19,29,14,12,400828061
33,9,18,29,12,7,400828062
16,6,11,30,13,17,400828063
36,8,19,26,9,10,400828064
33,9,17,36,5,11,400828065
30,14,19,34,7,16,400828066
40,9,23,39,8,11,400828067
37,8,14,34,6,17,400828068
38,5,8,46,7,9,400828069
30,6,20,28,21,14,400828070
30,18,17,26,8,8,400828071
32,10,19,24,14,11,400828072
32,10,13,38,17,14,400828073
28,15,12,38,11,15,400828074
29,12,12,32,9,15,400828075
37,10,14,35,15,17,400828076
30,13,23,31,11,14,400828077
26,12,12,40,11,14,400828078
33,9,11,30,8,13,400828079
33,10,16,36,9,16,400828080
26,19,11,26,16,12,400828081
28,7,16,33,7,17,400828082
32,14,14,30,12,19,400828083
25,10,17,35,14,14,400828084
35,11,15,39,10,14,400828085
27,9,17,27,14,16,400828086
35,11,21,28,13,19,400828087
36,7,10,36,15,10,400828088
38,8,20,40,8,19,400828089
30,9,10,33,8,10,400828090
34,15,11,40,16,9,400828091
26,22,17,33,12,12,400828092
30,11,19,33,8,17,400828093
28,9,28,27,11,20,400828094
30,6,16,28,13,21,400828095
34,7,20,30,10,21,400828096
23,10,16,37,6,20,400828097
44,4,19,37,5,9,400828098
32,11,7,40,8,16,400828099
38,6,10,39,16,14,400828100
37,8,14,36,12,8,400828101
30,11,14,42,9,19,400828102
35,12,11,33,15,7,400828103
43,7,18,43,11,16,400828104
33,10,13,36,18,7,400828105
33,9,10,34,6,9,400828106
32,9,17,31,6,19,400828107
35,7,8,27,10,11,400828108
38,15,14,38,7,11,400828109
34,11,17,38,4,19,400828110
37,9,13,40,12,13,400828111
37,5,14,33,11,10,400828112
28,11,16,24,11,19,400828113
38,12,16,31,7,11,400828114
32,6,21,33,8,18,400828115
33,13,22,39,19,15,400828116
34,8,12,32,7,10,400828117
38,9,15,43,8,13,400828118
25,8,12,39,10,22,400828119
34,6,10,32,5,13,400828120
25,13,8,46,12,18,400828121
37,5,18,29,8,18,400828122
42,11,23,23,7,14,400828123
34,12,17,24,12,15,400828124
35,15,12,44,5,13,400828125
42,6,22,32,10,14,400828126
38,8,16,37,12,19,400828127
35,10,20,32,10,13,400828128
31,12,18,37,12,16,400828129
31,4,16,37,12,15,400828130
27,6,9,34,12,16,400828131
29,19,14,35,13,14,400828132
33,13,14,36,7,13,400828133
32,7,13,32,7,13,400828134
32,19,14,44,7,19,400828135
25,9,11,37,17,13,400828136
37,13,9,35,8,11,400828137
33,8,25,34,15,26,400828138
22,17,8,38,5,21,400828139
41,9,15,39,15,10,400828140
29,16,16,32,14,11,400828141
28,12,15,27,11,18,400828142
35,13,11,37,14,12,400828143
35,12,9,39,12,10,400828144
33,10,22,30,8,13,400828145
31,14,15,25,10,8,400828146
31,9,16,33,9,11,400828147
41,13,18,37,18,10,400828148
37,2,12,37,10,18,400828149
34,12,11,37,10,15,400828150
35,4,16,36,6,15,400828151
33,11,13,34,12,13,400828152
36,13,6,28,9,8,400828153
37,12,12,37,13,15,400828154
42,11,18,28,13,8,400828155
29,16,16,33,8,23,400828156
26,10,15,37,13,18,400828157
35,7,13,42,8,17,400828158
42,8,12,30,13,12,400828159
36,13,7,47,15,14,400828160
40,16,23,33,9,10,400828161
38,6,16,43,11,11,400828162
38,9,14,30,10,15,400828163
35,9,15,29,6,9,400828164
36,6,11,30,9,4,400828165
31,9,10,34,5,19,400828166
38,10,15,28,9,11,400828167
26,15,12,33,15,15,400828168
34,6,16,37,9,19,400828169
36,13,13,36,8,13,400828170
23,12,20,26,15,21,400828171
42,9,14,38,8,9,400828172
27,15,16,34,9,17,400828173
30,15,18,31,11,17,400828174
31,12,14,35,11,15,400828175
34,13,17,33,7,20,400828176
35,8,12,27,11,6,400828177
25,11,14,38,3,15,400828178
37,13,9,40,12,14,400828179
34,13,13,30,13,17,400828180
32,8,14,32,13,14,400828181
31,6,15,36,13,13,400828182
28,11,14,36,11,14,400828183
32,12,15,35,19,15,400828184
36,15,13,35,10,14,400828185
36,11,18,31,15,12,400828186
36,10,12,35,11,13,400828187
31,8,15,44,17,16,400828188
44,6,16,25,6,6,400828189
28,13,14,43,19,21,400828190
34,7,12,43,14,14,400828191
40,7,7,25,6,13,400828192
25,12,10,30,4,16,400828193
36,7,9,34,3,13,400828194
33,14,15,30,8,7,400828195
30,10,18,32,16,20,400828196
31,15,17,35,10,16,400828197
30,13,17,35,11,18,400828198
36,10,17,31,13,14,400828199
26,10,18,24,6,8,400828200
36,10,15,28,16,16,400828201
26,10,23,30,12,24,400828202
36,10,12,22,11,15,400828203
44,10,20,37,10,17,400828204
25,19,12,31,9,15,400828205
35,15,16,32,13,12,400828206
36,7,17,37,3,10,400828207
36,6,19,36,11,18,400828208
37,16,17,30,13,12,400828209
22,13,17,30,4,20,400828210
39,12,14,33,7,11,400828211
31,9,9,33,14,14,400828212
27,5,16,33,11,18,400828213
29,7,10,42,9,14,400828214
41,6,14,31,20,9,400828215
25,13,10,34,9,19,400828216
37,15,13,41,13,11,400828217
29,5,9,42,10,14,400828218
41,13,18,34,10,12,400828219
37,8,19,38,7,12,400828220
36,9,18,24,6,19,400828221
31,17,14,31,13,21,400828222
50,17,18,40,11,15,400828223
30,10,15,32,7,16,400828224
34,7,13,29,11,12,400828225
27,6,10,34,7,16,400828226
35,8,10,42,8,12,400828227
34,11,13,28,11,11,400828228
27,9,15,38,11,13,400828229
37,14,12,32,8,9,400828230
33,7,12,34,12,16,400828231
39,3,5,45,7,11,400828232
28,5,16,36,10,14,400828233
43,6,23,26,7,17,400828234
36,5,10,41,7,13,400828235
29,11,19,37,15,16,400828236
35,4,13,35,11,12,400828237
34,15,16,36,8,16,400828238
27,7,11,25,14,7,400828239
29,9,24,26,12,14,400828240
28,5,13,28,7,10,400828241
37,15,22,33,8,8,400828242
28,16,11,34,8,10,400828243
30,15,18,34,10,14,400828244
36,7,16,30,9,17,400828245
29,10,10,39,15,18,400828246
39,15,15,30,7,14,400828247
27,9,11,43,10,13,400828248
26,10,14,33,6,17,400828249
35,12,16,36,5,16,400828250
25,7,11,39,9,11,400828251
21,5,11,37,15,18,400828252
36,5,9,40,10,15,400828253
40,6,14,29,12,10,400828254
29,10,14,21,10,9,400828255
29,7,21,38,9,28,400828256
26,12,11,34,18,14,400828257
36,11,11,42,5,8,400828258
26,7,16,36,4,17,400828259
37,8,12,25,10,6,400828260
34,10,18,29,7,11,400828261
34,16,7,36,14,14,400828262
25,7,22,23,2,12,400828263
36,5,13,36,9,14,400828264
30,17,18,37,14,18,400828265
28,10,12,35,8,11,400828266
28,8,10,29,5,12,400828267
34,7,20,40,9,17,400828268
26,15,11,30,10,14,400828269
37,9,8,45,6,13,400828270
27,9,12,26,16,16,400828271
31,23,13,33,13,14,400828272
33,9,12,38,14,11,400828273
35,7,19,35,13,13,400828274
35,14,15,32,4,15,400828275
33,9,12,37,6,21,400828276
32,6,7,30,4,13,400828277
45,19,11,42,20,16,400828278
23,8,12,35,14,18,400828279
31,6,10,34,10,8,400828280
29,10,12,39,11,19,400828281
29,15,14,34,5,14,400828282
26,10,21,33,12,19,400828283
27,14,16,31,15,15,400828284
24,8,14,44,12,15,400828285
33,18,17,33,5,14,400828286
29,18,13,33,10,11,400828287
31,7,12,42,13,15,400828288
32,13,17,37,9,9,400828289
39,7,13,33,6,14,400828290
32,10,19,25,5,11,400828291
33,16,19,34,6,10,400828292
31,6,13,33,6,20,400828293
33,8,19,28,8,13,400828294
37,5,15,36,13,12,400828295
29,7,10,26,13,5,400828296
33,13,15,34,4,11,400828297
30,6,12,38,12,16,400828298
25,8,9,30,9,15,400828299
36,14,18,29,2,10,400828300
36,15,14,30,15,13,400828301
26,9,11,40,9,19,400828302
35,13,14,38,7,9,400828303
31,9,13,36,11,10,400828304
34,10,11,35,10,13,400828305
27,9,12,32,10,26,400828306
31,12,16,29,11,5,400828307
30,4,6,43,10,17,400828308
29,11,11,31,13,12,400828309
39,10,13,32,12,16,400828310
35,9,11,34,14,7,400828311
43,6,16,32,6,11,400828312
27,9,11,31,11,12,400828313
29,6,8,32,12,14,400828314
29,5,17,28,15,11,400828315
33,13,14,32,10,13,400828316
28,13,22,29,5,16,400828317
33,14,15,23,8,13,400828318
36,22,13,41,8,11,400828319
37,13,17,34,12,16,400828320
28,12,19,31,9,15,400828321
42,19,15,23,12,10,400828322
38,7,17,46,11,17,400828323
37,16,16,30,18,13,400828324
38,17,11,41,8,16,400828325
33,14,15,34,8,17,400828326
37,8,16,34,6,15,400828327
32,7,11,34,16,19,400828334
35,9,8,29,9,13,400828328
32,16,13,36,7,16,400828330
29,9,8,25,9,9,400828331
25,10,10,32,8,15,400828332
30,12,22,27,10,9,400828329
36,11,14,33,18,15,400828333
29,10,21,24,9,21,400828335
28,8,15,31,10,11,400828337
28,13,17,26,16,11,400828336
40,8,21,29,12,14,400828338
27,7,12,28,8,16,400828339
33,9,17,39,10,8,400828340
28,18,13,34,7,10,400828342
35,13,13,39,12,10,400828341
20,17,10,30,13,14,400828343
38,14,18,36,7,22,400828344
35,6,11,39,7,10,400828345
36,8,20,29,11,14,400828346
32,10,13,33,4,9,400828347
34,3,16,32,13,16,400828348
34,16,13,31,11,14,400828349
35,11,7,38,11,10,400828350
43,9,17,28,6,4,400828351
26,6,15,31,5,16,400828352
27,10,17,30,14,16,400828353
29,8,18,38,15,15,400828354
35,13,14,46,13,18,400828355
24,15,10,30,6,10,400828356
28,17,12,39,7,19,400828357
30,8,14,30,16,8,400828358
29,18,14,30,11,11,400828359
35,9,12,40,12,18,400828360
31,8,12,25,17,11,400828361
26,11,12,33,17,16,400828362
39,13,10,36,9,10,400828363
36,8,10,40,15,16,400828364
30,16,12,39,14,21,400828365
29,15,19,34,13,10,400828366
29,8,12,40,12,15,400828367
28,8,15,40,6,13,400828368
32,12,14,35,12,14,400828369
37,16,13,39,7,22,400828370
28,6,16,28,7,19,400828371
30,6,15,40,12,16,400828373
31,12,18,29,4,15,400828372
34,13,12,37,5,15,400828374
26,11,16,25,12,13,400828375
31,8,10,30,12,5,400828376
